ts,method,bip,state,instrument,account,msg
2025-11-19 08:52:33.657,RefreshDynamicParameters,0,DataLoaded,MNQ 12-25,Sim101,2_11/19/2025 1:00:30 AM DynSizing -> TA:42 SL:21 QtyA:5 QtyB:5 (UseVol=False)
2025-11-19 08:52:34.492,ManageRunnerStopsCompact,0,Historical,MNQ 12-25,Sim101,[RunnerArm] LAopen=False LAmode=False SAopen=False SAmode=False armedLB=True armedSB=True RunnerTrailsWithA=True activeQtyA=5
2025-11-19 08:52:56.480,OnStateChange,0,Realtime,MNQ 12-25,Sim101,100_[RealtimeStart] nowUtc=2025-11-19T06:52:56.4779997Z CD_longRem=0.0s CD_shortRem=0.0s
2025-11-19 08:52:56.483,OnStateChange,0,Realtime,MNQ 12-25,Sim101,Test line at 2025-11-19T08:53:00.0000000
2025-11-19 08:53:08.166,SubmitShortAB,0,Realtime,MNQ 12-25,Sim101,19_11/19/2025 8:53:30 AM SubmitShortAB: QtyA=5 QtyB=5
2025-11-19 08:53:08.467,OnOrderUpdate,0,Realtime,MNQ 12-25,Sim101,"34,11/19/2025 8:53:08 AM ENTRY , ShortA , Action=SellShort , State=Submitted , Qty=5 Filled=0 , Avg=0 , Err=NoError "
2025-11-19 08:53:08.515,OnOrderUpdate,0,Realtime,MNQ 12-25,Sim101,"34,11/19/2025 8:53:08 AM ENTRY , ShortB , Action=SellShort , State=Submitted , Qty=5 Filled=0 , Avg=0 , Err=NoError "
2025-11-19 08:53:08.576,OnOrderUpdate,0,Realtime,MNQ 12-25,Sim101,"34,11/19/2025 8:53:08 AM ENTRY , ShortA , Action=SellShort , State=Accepted , Qty=5 Filled=0 , Avg=0 , Err=NoError "
2025-11-19 08:53:08.579,OnOrderUpdate,0,Realtime,MNQ 12-25,Sim101,"34,11/19/2025 8:53:08 AM ENTRY , ShortA , Action=SellShort , State=Working , Qty=5 Filled=0 , Avg=0 , Err=NoError "
2025-11-19 08:53:08.588,OnOrderUpdate,0,Realtime,MNQ 12-25,Sim101,"34,11/19/2025 8:53:08 AM ENTRY , ShortA , Action=SellShort , State=PartFilled , Qty=5 Filled=3 , Avg=24546.75 , Err=NoError "
2025-11-19 08:53:08.611,OnExecutionUpdate,0,Realtime,MNQ 12-25,Sim101,[LegQtyExec] o=ShortA From= execQty=3 LA=0 LB=0 SA=3 SB=0 posQty=3
2025-11-19 08:53:08.641,OnOrderUpdate,0,Realtime,MNQ 12-25,Sim101,"34,11/19/2025 8:53:08 AM ENTRY , ShortB , Action=SellShort , State=Accepted , Qty=5 Filled=0 , Avg=0 , Err=NoError "
2025-11-19 08:53:08.645,ArmOrTightenStop,0,Realtime,MNQ 12-25,Sim101,[EnsureA-Fixed] ShortA SL_A -> 24552
2025-11-19 08:53:08.646,OnOrderUpdate,0,Realtime,MNQ 12-25,Sim101,"34,11/19/2025 8:53:08 AM ENTRY , ShortB , Action=SellShort , State=Working , Qty=5 Filled=0 , Avg=0 , Err=NoError "
2025-11-19 08:53:08.677,OnOrderUpdate,0,Realtime,MNQ 12-25,Sim101,"50,11/19/2025 8:53:08 AM , SL_A , FromEntry=ShortA , State=Submitted , Lmt=0 Stp=24552 , Qty=3 Filled=0 , Error=NoError "
2025-11-19 08:53:08.684,ArmOrTightenStop,0,Realtime,MNQ 12-25,Sim101,[EnsureA-Fixed] ShortA SL_A -> 24552
2025-11-19 08:53:08.747,OnOrderUpdate,0,Realtime,MNQ 12-25,Sim101,"34,11/19/2025 8:53:08 AM ENTRY , ShortA , Action=SellShort , State=Filled , Qty=5 Filled=5 , Avg=24546.65 , Err=NoError "
2025-11-19 08:53:08.749,OnExecutionUpdate,0,Realtime,MNQ 12-25,Sim101,[LegQtyExec] o=ShortA From= execQty=2 LA=0 LB=0 SA=5 SB=0 posQty=5
2025-11-19 08:53:08.751,OnOrderUpdate,0,Realtime,MNQ 12-25,Sim101,"50,11/19/2025 8:53:08 AM , SL_A , FromEntry=ShortA , State=CancelPending , Lmt=0 Stp=24552 , Qty=3 Filled=0 , Error=NoError "
2025-11-19 08:53:08.792,OnOrderUpdate,0,Realtime,MNQ 12-25,Sim101,"50,11/19/2025 8:53:08 AM , SL_A , FromEntry=ShortA , State=CancelPending , Lmt=0 Stp=24552 , Qty=3 Filled=0 , Error=NoError "
2025-11-19 08:53:08.798,OnOrderUpdate,0,Realtime,MNQ 12-25,Sim101,"50,11/19/2025 8:53:08 AM , SL_A , FromEntry=ShortA , State=CancelSubmitted , Lmt=0 Stp=24552 , Qty=3 Filled=0 , Error=NoError "
2025-11-19 08:53:08.799,OnOrderUpdate,0,Realtime,MNQ 12-25,Sim101,"50,11/19/2025 8:53:08 AM , SL_A , FromEntry=ShortA , State=Accepted , Lmt=0 Stp=24552 , Qty=3 Filled=0 , Error=NoError "
2025-11-19 08:53:08.813,OnOrderUpdate,0,Realtime,MNQ 12-25,Sim101,"50,11/19/2025 8:53:08 AM , PT_A , FromEntry=ShortA , State=Submitted , Lmt=24536.25 Stp=24552.75 , Qty=5 Filled=0 , Error=NoError "
2025-11-19 08:53:08.814,OnExecutionUpdate,0,Realtime,MNQ 12-25,Sim101,"29,11/19/2025 8:53:08 AM ShortA FULL fill @ 24546.65 , PT_A=24536.25 SL_A=24552 , dynTA=42 dynSLTicks=21"
2025-11-19 08:53:08.815,OnOrderUpdate,0,Realtime,MNQ 12-25,Sim101,"34,11/19/2025 8:53:08 AM ENTRY , ShortB , Action=SellShort , State=PartFilled , Qty=5 Filled=3 , Avg=24546.75 , Err=NoError "
2025-11-19 08:53:08.819,OnExecutionUpdate,0,Realtime,MNQ 12-25,Sim101,[LegQtyExec] o=ShortB From= execQty=3 LA=0 LB=0 SA=5 SB=3 posQty=8
2025-11-19 08:53:08.852,OnOrderUpdate,0,Realtime,MNQ 12-25,Sim101,"50,11/19/2025 8:53:08 AM , SL_B , FromEntry=ShortB , State=Submitted , Lmt=0 Stp=24552 , Qty=3 Filled=0 , Error=NoError "
2025-11-19 08:53:08.855,ArmOrTightenStop,0,Realtime,MNQ 12-25,Sim101,[EnsureB-Fixed] ShortB SL_B -> 24552
2025-11-19 08:53:08.882,OnOrderUpdate,0,Realtime,MNQ 12-25,Sim101,"34,11/19/2025 8:53:08 AM ENTRY , ShortB , Action=SellShort , State=Filled , Qty=5 Filled=5 , Avg=24546.65 , Err=NoError "
2025-11-19 08:53:08.884,OnExecutionUpdate,0,Realtime,MNQ 12-25,Sim101,[LegQtyExec] o=ShortB From= execQty=2 LA=0 LB=0 SA=5 SB=5 posQty=10
2025-11-19 08:53:08.889,OnExecutionUpdate,0,Realtime,MNQ 12-25,Sim101,"31,11/19/2025 8:53:08 AM ShortB FULL fill @ 24546.65 , SL_B init=24552 , dynSLTicks=21 , armed=False"
2025-11-19 08:53:08.920,OnOrderUpdate,0,Realtime,MNQ 12-25,Sim101,"50,11/19/2025 8:53:08 AM , PT_A , FromEntry=ShortA , State=Accepted , Lmt=24536.25 Stp=24552.75 , Qty=5 Filled=0 , Error=NoError "
2025-11-19 08:53:08.922,OnOrderUpdate,0,Realtime,MNQ 12-25,Sim101,"50,11/19/2025 8:53:08 AM , PT_A , FromEntry=ShortA , State=Working , Lmt=24536.25 Stp=24552.75 , Qty=5 Filled=0 , Error=NoError "
2025-11-19 08:53:08.970,OnOrderUpdate,0,Realtime,MNQ 12-25,Sim101,"50,11/19/2025 8:53:08 AM , SL_B , FromEntry=ShortB , State=Accepted , Lmt=0 Stp=24552 , Qty=3 Filled=0 , Error=NoError "
2025-11-19 08:53:08.993,OnOrderUpdate,0,Realtime,MNQ 12-25,Sim101,"50,11/19/2025 8:53:08 AM , SL_A , FromEntry=ShortA , State=Submitted , Lmt=0 Stp=24552 , Qty=5 Filled=0 , Error=NoError "
2025-11-19 08:53:08.994,OnOrderUpdate,0,Realtime,MNQ 12-25,Sim101,"49,11/19/2025 8:53:08 AM SL_A cancelled but leg still open for ShortA. Re-submitted stop at 24552."
2025-11-19 08:53:08.995,OnOrderUpdate,0,Realtime,MNQ 12-25,Sim101,"50,11/19/2025 8:53:08 AM , SL_A , FromEntry=ShortA , State=Cancelled , Lmt=0 Stp=24552 , Qty=3 Filled=0 , Error=NoError "
2025-11-19 08:53:09.102,OnOrderUpdate,0,Realtime,MNQ 12-25,Sim101,"50,11/19/2025 8:53:09 AM , SL_A , FromEntry=ShortA , State=Accepted , Lmt=0 Stp=24552 , Qty=5 Filled=0 , Error=NoError "
2025-11-19 08:53:10.555,ManageRunnerStopsCompact,0,Realtime,MNQ 12-25,Sim101,[RunnerArm] LAopen=False LAmode=False SAopen=True SAmode=False armedLB=False armedSB=False RunnerTrailsWithA=True activeQtyA=5
2025-11-19 08:53:47.434,OnOrderUpdate,0,Realtime,MNQ 12-25,Sim101,"50,11/19/2025 8:53:47 AM , SL_B , FromEntry=ShortB , State=Working , Lmt=0 Stp=24552 , Qty=3 Filled=0 , Error=NoError "
2025-11-19 08:53:47.434,OnOrderUpdate,0,Realtime,MNQ 12-25,Sim101,"50,11/19/2025 8:53:47 AM , SL_A , FromEntry=ShortA , State=Working , Lmt=0 Stp=24552 , Qty=5 Filled=0 , Error=NoError "
2025-11-19 08:53:47.464,OnOrderUpdate,0,Realtime,MNQ 12-25,Sim101,"[CDN_STAMP_EVT], 2025-11-19T08:53:47.4357338 dir=SHORT anchorUtc=2025-11-19T06:53:47.4649802Z desiredExp=2025-11-19T06:53:52.4649802Z setExp=2025-11-19T06:53:52.4649802Z"
2025-11-19 08:53:47.464,OnOrderUpdate,0,Realtime,MNQ 12-25,Sim101,"[CDN_CHECK_POST], state=Realtime barT=2025-11-19T08:54:00.0000000 dir=SHORT rem=5.00s nowUtc=2025-11-19T06:53:47.4649802Z"
2025-11-19 08:53:47.464,OnOrderUpdate,0,Realtime,MNQ 12-25,Sim101,"50,11/19/2025 8:53:47 AM , SL_B , FromEntry=ShortB , State=Filled , Lmt=0 Stp=24552 , Qty=3 Filled=3 , Error=NoError "
2025-11-19 08:53:47.476,OnExecutionUpdate,0,Realtime,MNQ 12-25,Sim101,[LegQtyExec] o=SL_B From=ShortB execQty=3 LA=0 LB=0 SA=5 SB=2 posQty=7
2025-11-19 08:53:47.480,OnOrderUpdate,0,Realtime,MNQ 12-25,Sim101,"44,11/19/2025 8:53:47 AM SL_A partial fill; runner KEPT (partialCfg=False, fullCfg=False)."
2025-11-19 08:53:47.482,OnOrderUpdate,0,Realtime,MNQ 12-25,Sim101,"46,11/19/2025 8:53:47 AM SL_A partial for ShortA. Stop unchanged at 24552, not resubmitting."
2025-11-19 08:53:47.484,OnOrderUpdate,0,Realtime,MNQ 12-25,Sim101,"50,11/19/2025 8:53:47 AM , SL_A , FromEntry=ShortA , State=PartFilled , Lmt=0 Stp=24552 , Qty=5 Filled=3 , Error=NoError "
2025-11-19 08:53:47.493,OnOrderUpdate,0,Realtime,MNQ 12-25,Sim101,"50,11/19/2025 8:53:47 AM , PT_A , FromEntry=ShortA , State=ChangePending , Lmt=24536.25 Stp=24558.5 , Qty=5 Filled=0 , Error=NoError "
2025-11-19 08:53:47.495,OnOrderUpdate,0,Realtime,MNQ 12-25,Sim101,"50,11/19/2025 8:53:47 AM , PT_A , FromEntry=ShortA , State=ChangeSubmitted , Lmt=24536.25 Stp=24558.5 , Qty=2 Filled=0 , Error=NoError "
2025-11-19 08:53:47.501,OnExecutionUpdate,0,Realtime,MNQ 12-25,Sim101,[LegQtyExec] o=SL_A From=ShortA execQty=3 LA=0 LB=0 SA=2 SB=2 posQty=4
2025-11-19 08:53:47.569,OnOrderUpdate,0,Realtime,MNQ 12-25,Sim101,"50,11/19/2025 8:53:47 AM , SL_B , FromEntry=ShortB , State=Submitted , Lmt=0 Stp=24552 , Qty=2 Filled=0 , Error=NoError "
2025-11-19 08:53:47.578,OnOrderUpdate,0,Realtime,MNQ 12-25,Sim101,"35,11/19/2025 8:53:47 AM SL_B for ShortB REJECTED. Attempting recovery. Native='Buy stop or buy stop limit orders can't be placed below the market.'"
2025-11-19 08:53:47.617,OnOrderUpdate,0,Realtime,MNQ 12-25,Sim101,"50,11/19/2025 8:53:47 AM , PT_A , FromEntry=ShortA , State=Accepted , Lmt=24536.25 Stp=24558.5 , Qty=2 Filled=0 , Error=NoError "
2025-11-19 08:53:47.624,OnOrderUpdate,0,Realtime,MNQ 12-25,Sim101,"50,11/19/2025 8:53:47 AM , PT_A , FromEntry=ShortA , State=Working , Lmt=24536.25 Stp=24558.5 , Qty=2 Filled=0 , Error=NoError "
2025-11-19 08:53:47.643,OnOrderUpdate,0,Realtime,MNQ 12-25,Sim101,"50,11/19/2025 8:53:47 AM , SL_B , FromEntry=ShortB , State=Submitted , Lmt=0 Stp=24553.75 , Qty=2 Filled=0 , Error=NoError "
2025-11-19 08:53:47.649,OnOrderUpdate,0,Realtime,MNQ 12-25,Sim101,"38,11/19/2025 8:53:47 AM Recovery: resubmitted SL_B for ShortB at 24553.75 (ask=24553.25)."
2025-11-19 08:53:47.658,OnOrderUpdate,0,Realtime,MNQ 12-25,Sim101,"50,11/19/2025 8:53:47 AM , SL_B , FromEntry=ShortB , State=Rejected , Lmt=0 Stp=24552 , Qty=2 Filled=0 , Error=OrderRejected Buy stop or buy stop limit orders can't be placed below the market."
2025-11-19 08:53:47.660,ArmOrTightenStop,0,Realtime,MNQ 12-25,Sim101,[EnsureB-Fixed] ShortB SL_B -> 24552
2025-11-19 08:53:47.662,OnOrderUpdate,0,Realtime,MNQ 12-25,Sim101,"50,11/19/2025 8:53:47 AM , PT_A , FromEntry=ShortA , State=CancelPending , Lmt=24536.25 Stp=24558.5 , Qty=2 Filled=0 , Error=NoError "
2025-11-19 08:53:47.669,OnOrderUpdate,0,Realtime,MNQ 12-25,Sim101,"[CDN_STAMP_EVT], 2025-11-19T08:53:47.5037756 dir=SHORT anchorUtc=2025-11-19T06:53:47.6695953Z desiredExp=2025-11-19T06:53:52.6695953Z setExp=2025-11-19T06:53:52.6695953Z"
2025-11-19 08:53:47.670,OnOrderUpdate,0,Realtime,MNQ 12-25,Sim101,"[CDN_CHECK_POST], state=Realtime barT=2025-11-19T08:54:00.0000000 dir=SHORT rem=5.00s nowUtc=2025-11-19T06:53:47.6705915Z"
2025-11-19 08:53:47.670,OnOrderUpdate,0,Realtime,MNQ 12-25,Sim101,"44,11/19/2025 8:53:47 AM SL_A full fill; runner KEPT (partialCfg=False, fullCfg=False)."
2025-11-19 08:53:47.679,OnOrderUpdate,0,Realtime,MNQ 12-25,Sim101,"50,11/19/2025 8:53:47 AM , SL_A , FromEntry=ShortA , State=Filled , Lmt=0 Stp=24552 , Qty=5 Filled=5 , Error=NoError "
2025-11-19 08:53:47.684,OnOrderUpdate,0,Realtime,MNQ 12-25,Sim101,"50,11/19/2025 8:53:47 AM , PT_A , FromEntry=ShortA , State=CancelPending , Lmt=24536.25 Stp=24558.5 , Qty=2 Filled=0 , Error=NoError "
2025-11-19 08:53:47.684,OnOrderUpdate,0,Realtime,MNQ 12-25,Sim101,"50,11/19/2025 8:53:47 AM , PT_A , FromEntry=ShortA , State=CancelSubmitted , Lmt=24536.25 Stp=24558.5 , Qty=2 Filled=0 , Error=NoError "
2025-11-19 08:53:47.685,OnExecutionUpdate,0,Realtime,MNQ 12-25,Sim101,[LegQtyExec] o=SL_A From=ShortA execQty=2 LA=0 LB=0 SA=0 SB=2 posQty=2
2025-11-19 08:53:47.756,ManageRunnerStopsCompact,0,Realtime,MNQ 12-25,Sim101,[RunnerArm] LAopen=False LAmode=False SAopen=False SAmode=False armedLB=True armedSB=True RunnerTrailsWithA=True activeQtyA=5
2025-11-19 08:53:47.757,ManageRunnerStopsCompact,0,Realtime,MNQ 12-25,Sim101,[RunnerDo] ShortB tighten desired=24554.5 guard=24552.75 prev=24552
2025-11-19 08:53:47.758,OnOrderUpdate,0,Realtime,MNQ 12-25,Sim101,"50,11/19/2025 8:53:47 AM , SL_B , FromEntry=ShortB , State=ChangePending , Lmt=0 Stp=24553.75 , Qty=2 Filled=0 , Error=NoError "
2025-11-19 08:53:47.761,OnOrderUpdate,0,Realtime,MNQ 12-25,Sim101,"50,11/19/2025 8:53:47 AM , SL_B , FromEntry=ShortB , State=ChangePending , Lmt=0 Stp=24553.75 , Qty=2 Filled=0 , Error=NoError "
2025-11-19 08:53:47.762,OnOrderUpdate,0,Realtime,MNQ 12-25,Sim101,"50,11/19/2025 8:53:47 AM , SL_B , FromEntry=ShortB , State=ChangeSubmitted , Lmt=0 Stp=24552 , Qty=2 Filled=0 , Error=NoError "
2025-11-19 08:53:47.765,ArmOrTightenStop,0,Realtime,MNQ 12-25,Sim101,[Runner] ShortB SL_B -> 24552
2025-11-19 08:53:47.785,OnOrderUpdate,0,Realtime,MNQ 12-25,Sim101,"50,11/19/2025 8:53:47 AM , SL_B , FromEntry=ShortB , State=Accepted , Lmt=0 Stp=24553.75 , Qty=2 Filled=0 , Error=UnableToChangeOrder Stop price can't be changed below the market."
2025-11-19 08:53:47.788,OnOrderUpdate,0,Realtime,MNQ 12-25,Sim101,"50,11/19/2025 8:53:47 AM , SL_B , FromEntry=ShortB , State=Accepted , Lmt=0 Stp=24553.75 , Qty=2 Filled=0 , Error=NoError "
2025-11-19 08:53:47.830,OnOrderUpdate,0,Realtime,MNQ 12-25,Sim101,"50,11/19/2025 8:53:47 AM , PT_A , FromEntry=ShortA , State=Cancelled , Lmt=24536.25 Stp=24557.75 , Qty=2 Filled=0 , Error=NoError "
2025-11-19 08:53:47.901,ManageRunnerStopsCompact,0,Realtime,MNQ 12-25,Sim101,[RunnerDo] ShortB tighten desired=24554.5 guard=24552.75 prev=24553.75
2025-11-19 08:53:48.405,ManageRunnerStopsCompact,0,Realtime,MNQ 12-25,Sim101,[RunnerDo] ShortB tighten desired=24554.5 guard=24552.75 prev=24553.75
2025-11-19 08:53:48.746,ManageRunnerStopsCompact,0,Realtime,MNQ 12-25,Sim101,[RunnerDo] ShortB tighten desired=24555 guard=24553.25 prev=24553.75
2025-11-19 08:53:48.827,ManageRunnerStopsCompact,0,Realtime,MNQ 12-25,Sim101,[RunnerDo] ShortB tighten desired=24555 guard=24553.25 prev=24553.75
2025-11-19 08:53:49.568,ManageRunnerStopsCompact,0,Realtime,MNQ 12-25,Sim101,[RunnerDo] ShortB tighten desired=24555 guard=24553.25 prev=24553.75
2025-11-19 08:53:49.986,ManageRunnerStopsCompact,0,Realtime,MNQ 12-25,Sim101,[RunnerDo] ShortB tighten desired=24556 guard=24554.25 prev=24553.75
2025-11-19 08:53:50.069,ManageRunnerStopsCompact,0,Realtime,MNQ 12-25,Sim101,[RunnerDo] ShortB tighten desired=24556.25 guard=24554.5 prev=24553.75
2025-11-19 08:53:50.149,ManageRunnerStopsCompact,0,Realtime,MNQ 12-25,Sim101,[RunnerDo] ShortB tighten desired=24556.25 guard=24554.5 prev=24553.75
2025-11-19 08:53:50.151,OnOrderUpdate,0,Realtime,MNQ 12-25,Sim101,"50,11/19/2025 8:53:50 AM , SL_B , FromEntry=ShortB , State=Working , Lmt=0 Stp=24553.75 , Qty=2 Filled=0 , Error=NoError "
2025-11-19 08:53:50.185,OnOrderUpdate,0,Realtime,MNQ 12-25,Sim101,"[CDN_STAMP_EVT], 2025-11-19T08:53:50.1523385 dir=SHORT anchorUtc=2025-11-19T06:53:50.1853396Z desiredExp=2025-11-19T06:53:55.1853396Z setExp=2025-11-19T06:53:55.1853396Z"
2025-11-19 08:53:50.186,OnOrderUpdate,0,Realtime,MNQ 12-25,Sim101,"[CDN_CHECK_POST], state=Realtime barT=2025-11-19T08:54:00.0000000 dir=SHORT rem=5.00s nowUtc=2025-11-19T06:53:50.1853396Z"
2025-11-19 08:53:50.187,OnOrderUpdate,0,Realtime,MNQ 12-25,Sim101,"50,11/19/2025 8:53:50 AM , SL_B , FromEntry=ShortB , State=Filled , Lmt=0 Stp=24553.75 , Qty=2 Filled=2 , Error=NoError "
2025-11-19 08:53:50.196,OnExecutionUpdate,0,Realtime,MNQ 12-25,Sim101,[LegQtyExec] o=SL_B From=ShortB execQty=2 LA=0 LB=0 SA=0 SB=0 posQty=0
2025-11-19 08:54:00.797,SubmitLongAB,0,Realtime,MNQ 12-25,Sim101,16_11/19/2025 8:54:30 AM SubmitLongAB: QtyA=5 QtyB=5
2025-11-19 08:54:00.832,OnOrderUpdate,0,Realtime,MNQ 12-25,Sim101,"34,11/19/2025 8:54:00 AM ENTRY , LongA , Action=Buy , State=Submitted , Qty=5 Filled=0 , Avg=0 , Err=NoError "
2025-11-19 08:54:00.860,OnOrderUpdate,0,Realtime,MNQ 12-25,Sim101,"34,11/19/2025 8:54:00 AM ENTRY , LongB , Action=Buy , State=Submitted , Qty=5 Filled=0 , Avg=0 , Err=NoError "
2025-11-19 08:54:00.932,OnOrderUpdate,0,Realtime,MNQ 12-25,Sim101,"34,11/19/2025 8:54:00 AM ENTRY , LongA , Action=Buy , State=Accepted , Qty=5 Filled=0 , Avg=0 , Err=NoError "
2025-11-19 08:54:00.933,OnOrderUpdate,0,Realtime,MNQ 12-25,Sim101,"34,11/19/2025 8:54:00 AM ENTRY , LongA , Action=Buy , State=Working , Qty=5 Filled=0 , Avg=0 , Err=NoError "
2025-11-19 08:54:00.935,OnOrderUpdate,0,Realtime,MNQ 12-25,Sim101,"34,11/19/2025 8:54:00 AM ENTRY , LongA , Action=Buy , State=PartFilled , Qty=5 Filled=2 , Avg=24555.5 , Err=NoError "
2025-11-19 08:54:00.936,OnExecutionUpdate,0,Realtime,MNQ 12-25,Sim101,[LegQtyExec] o=LongA From= execQty=2 LA=2 LB=0 SA=0 SB=0 posQty=2
2025-11-19 08:54:00.964,OnOrderUpdate,0,Realtime,MNQ 12-25,Sim101,"34,11/19/2025 8:54:00 AM ENTRY , LongB , Action=Buy , State=Accepted , Qty=5 Filled=0 , Avg=0 , Err=NoError "
2025-11-19 08:54:00.966,ArmOrTightenStop,0,Realtime,MNQ 12-25,Sim101,[EnsureA-Fixed] LongA SL_A -> 24550.25
2025-11-19 08:54:00.969,OnOrderUpdate,0,Realtime,MNQ 12-25,Sim101,"34,11/19/2025 8:54:00 AM ENTRY , LongB , Action=Buy , State=Working , Qty=5 Filled=0 , Avg=0 , Err=NoError "
2025-11-19 08:54:00.972,OnOrderUpdate,0,Realtime,MNQ 12-25,Sim101,"50,11/19/2025 8:54:00 AM , SL_A , FromEntry=LongA , State=Submitted , Lmt=0 Stp=24550.25 , Qty=2 Filled=0 , Error=NoError "
2025-11-19 08:54:00.972,ArmOrTightenStop,0,Realtime,MNQ 12-25,Sim101,[EnsureA-Fixed] LongA SL_A -> 24550.25
2025-11-19 08:54:01.007,OnOrderUpdate,0,Realtime,MNQ 12-25,Sim101,"34,11/19/2025 8:54:00 AM ENTRY , LongA , Action=Buy , State=Filled , Qty=5 Filled=5 , Avg=24555.65 , Err=NoError "
2025-11-19 08:54:01.008,OnExecutionUpdate,0,Realtime,MNQ 12-25,Sim101,[LegQtyExec] o=LongA From= execQty=3 LA=5 LB=0 SA=0 SB=0 posQty=5
2025-11-19 08:54:01.010,OnOrderUpdate,0,Realtime,MNQ 12-25,Sim101,"50,11/19/2025 8:54:01 AM , SL_A , FromEntry=LongA , State=CancelPending , Lmt=0 Stp=24550.25 , Qty=2 Filled=0 , Error=NoError "
2025-11-19 08:54:01.054,OnOrderUpdate,0,Realtime,MNQ 12-25,Sim101,"50,11/19/2025 8:54:01 AM , PT_A , FromEntry=LongA , State=Submitted , Lmt=24566.25 Stp=24548.75 , Qty=5 Filled=0 , Error=NoError "
2025-11-19 08:54:01.061,OnExecutionUpdate,0,Realtime,MNQ 12-25,Sim101,"28,11/19/2025 8:54:01 AM LongA FULL fill @ 24555.65 , PT_A=24566.25 SL_A=24550.5 , dynTA=42 dynSLTicks=21"
2025-11-19 08:54:01.069,OnOrderUpdate,0,Realtime,MNQ 12-25,Sim101,"34,11/19/2025 8:54:01 AM ENTRY , LongB , Action=Buy , State=PartFilled , Qty=5 Filled=1 , Avg=24555 , Err=NoError "
2025-11-19 08:54:01.079,OnExecutionUpdate,0,Realtime,MNQ 12-25,Sim101,[LegQtyExec] o=LongB From= execQty=1 LA=5 LB=1 SA=0 SB=0 posQty=6
2025-11-19 08:54:01.129,OnOrderUpdate,0,Realtime,MNQ 12-25,Sim101,"50,11/19/2025 8:54:01 AM , SL_B , FromEntry=LongB , State=Submitted , Lmt=0 Stp=24549.75 , Qty=1 Filled=0 , Error=NoError "
2025-11-19 08:54:01.129,OnOrderUpdate,0,Realtime,MNQ 12-25,Sim101,"50,11/19/2025 8:54:01 AM , SL_B , FromEntry=LongB , State=Submitted , Lmt=0 Stp=24549.75 , Qty=1 Filled=0 , Error=NoError "
2025-11-19 08:54:01.130,ArmOrTightenStop,0,Realtime,MNQ 12-25,Sim101,[EnsureB-Fixed] LongB SL_B -> 24549.75
2025-11-19 08:54:01.129,ArmOrTightenStop,0,Realtime,MNQ 12-25,Sim101,[EnsureB-Fixed] LongB SL_B -> 24549.75
2025-11-19 08:54:01.131,OnOrderUpdate,0,Realtime,MNQ 12-25,Sim101,"50,11/19/2025 8:54:01 AM , SL_A , FromEntry=LongA , State=CancelPending , Lmt=0 Stp=24550.25 , Qty=2 Filled=0 , Error=NoError "
2025-11-19 08:54:01.135,OnOrderUpdate,0,Realtime,MNQ 12-25,Sim101,"50,11/19/2025 8:54:01 AM , SL_A , FromEntry=LongA , State=CancelSubmitted , Lmt=0 Stp=24550.25 , Qty=2 Filled=0 , Error=NoError "
2025-11-19 08:54:01.135,OnOrderUpdate,0,Realtime,MNQ 12-25,Sim101,"50,11/19/2025 8:54:01 AM , SL_A , FromEntry=LongA , State=Accepted , Lmt=0 Stp=24550.25 , Qty=2 Filled=0 , Error=NoError "
2025-11-19 08:54:01.166,OnOrderUpdate,0,Realtime,MNQ 12-25,Sim101,"50,11/19/2025 8:54:01 AM , PT_A , FromEntry=LongA , State=Accepted , Lmt=24566.25 Stp=24548.75 , Qty=5 Filled=0 , Error=NoError "
2025-11-19 08:54:01.167,OnOrderUpdate,0,Realtime,MNQ 12-25,Sim101,"50,11/19/2025 8:54:01 AM , PT_A , FromEntry=LongA , State=Working , Lmt=24566.25 Stp=24548.75 , Qty=5 Filled=0 , Error=NoError "
2025-11-19 08:54:01.168,OnOrderUpdate,0,Realtime,MNQ 12-25,Sim101,"34,11/19/2025 8:54:01 AM ENTRY , LongB , Action=Buy , State=Filled , Qty=5 Filled=5 , Avg=24555.2 , Err=NoError "
2025-11-19 08:54:01.170,OnExecutionUpdate,0,Realtime,MNQ 12-25,Sim101,[LegQtyExec] o=LongB From= execQty=4 LA=5 LB=5 SA=0 SB=0 posQty=10
2025-11-19 08:54:01.172,OnOrderUpdate,0,Realtime,MNQ 12-25,Sim101,"50,11/19/2025 8:54:01 AM , SL_B , FromEntry=LongB , State=ChangePending , Lmt=0 Stp=24549.75 , Qty=1 Filled=0 , Error=NoError "
2025-11-19 08:54:01.173,OnExecutionUpdate,0,Realtime,MNQ 12-25,Sim101,"30,11/19/2025 8:54:01 AM LongB FULL fill @ 24555.2 , SL_B init=24550 , dynSLTicks=21 , armed=False"
2025-11-19 08:54:01.208,ManageRunnerStopsCompact,0,Realtime,MNQ 12-25,Sim101,[RunnerArm] LAopen=True LAmode=False SAopen=False SAmode=False armedLB=False armedSB=False RunnerTrailsWithA=True activeQtyA=5
2025-11-19 08:54:01.229,OnOrderUpdate,0,Realtime,MNQ 12-25,Sim101,"50,11/19/2025 8:54:01 AM , SL_B , FromEntry=LongB , State=ChangePending , Lmt=0 Stp=24549.75 , Qty=1 Filled=0 , Error=NoError "
2025-11-19 08:54:01.233,OnOrderUpdate,0,Realtime,MNQ 12-25,Sim101,"50,11/19/2025 8:54:01 AM , SL_B , FromEntry=LongB , State=ChangeSubmitted , Lmt=0 Stp=24550 , Qty=1 Filled=0 , Error=NoError "
2025-11-19 08:54:01.233,OnOrderUpdate,0,Realtime,MNQ 12-25,Sim101,"50,11/19/2025 8:54:01 AM , SL_B , FromEntry=LongB , State=Accepted , Lmt=0 Stp=24549.75 , Qty=1 Filled=0 , Error=NoError "
2025-11-19 08:54:01.245,OnOrderUpdate,0,Realtime,MNQ 12-25,Sim101,"50,11/19/2025 8:54:01 AM , SL_B , FromEntry=LongB , State=Accepted , Lmt=0 Stp=24549.75 , Qty=1 Filled=0 , Error=NoError "
2025-11-19 08:54:01.326,OnOrderUpdate,0,Realtime,MNQ 12-25,Sim101,"50,11/19/2025 8:54:01 AM , SL_A , FromEntry=LongA , State=Submitted , Lmt=0 Stp=24550.25 , Qty=5 Filled=0 , Error=NoError "
2025-11-19 08:54:01.327,OnOrderUpdate,0,Realtime,MNQ 12-25,Sim101,"49,11/19/2025 8:54:01 AM SL_A cancelled but leg still open for LongA. Re-submitted stop at 24550.25."
2025-11-19 08:54:01.327,OnOrderUpdate,0,Realtime,MNQ 12-25,Sim101,"50,11/19/2025 8:54:01 AM , SL_A , FromEntry=LongA , State=Cancelled , Lmt=0 Stp=24550.25 , Qty=2 Filled=0 , Error=NoError "
2025-11-19 08:54:01.341,OnOrderUpdate,0,Realtime,MNQ 12-25,Sim101,"50,11/19/2025 8:54:01 AM , SL_B , FromEntry=LongB , State=Accepted , Lmt=0 Stp=24550 , Qty=1 Filled=0 , Error=NoError "
2025-11-19 08:54:01.437,OnOrderUpdate,0,Realtime,MNQ 12-25,Sim101,"50,11/19/2025 8:54:01 AM , SL_A , FromEntry=LongA , State=Accepted , Lmt=0 Stp=24550.25 , Qty=5 Filled=0 , Error=NoError "
2025-11-19 08:54:10.390,OnOrderUpdate,0,Realtime,MNQ 12-25,Sim101,"50,11/19/2025 8:54:10 AM , SL_A , FromEntry=LongA , State=Working , Lmt=0 Stp=24550.25 , Qty=5 Filled=0 , Error=NoError "
2025-11-19 08:54:10.391,OnOrderUpdate,0,Realtime,MNQ 12-25,Sim101,"44,11/19/2025 8:54:10 AM SL_A partial fill; runner KEPT (partialCfg=False, fullCfg=False)."
2025-11-19 08:54:10.392,OnOrderUpdate,0,Realtime,MNQ 12-25,Sim101,"46,11/19/2025 8:54:10 AM SL_A partial for LongA. Stop unchanged at 24550.25, not resubmitting."
2025-11-19 08:54:10.392,OnOrderUpdate,0,Realtime,MNQ 12-25,Sim101,"50,11/19/2025 8:54:10 AM , SL_A , FromEntry=LongA , State=PartFilled , Lmt=0 Stp=24550.25 , Qty=5 Filled=4 , Error=NoError "
2025-11-19 08:54:10.394,OnOrderUpdate,0,Realtime,MNQ 12-25,Sim101,"50,11/19/2025 8:54:10 AM , PT_A , FromEntry=LongA , State=ChangePending , Lmt=24566.25 Stp=24544.75 , Qty=5 Filled=0 , Error=NoError "
2025-11-19 08:54:10.394,OnOrderUpdate,0,Realtime,MNQ 12-25,Sim101,"50,11/19/2025 8:54:10 AM , PT_A , FromEntry=LongA , State=ChangeSubmitted , Lmt=24566.25 Stp=24544.75 , Qty=1 Filled=0 , Error=NoError "
2025-11-19 08:54:10.395,OnExecutionUpdate,0,Realtime,MNQ 12-25,Sim101,[LegQtyExec] o=SL_A From=LongA execQty=4 LA=1 LB=5 SA=0 SB=0 posQty=6
2025-11-19 08:54:10.428,OnOrderUpdate,0,Realtime,MNQ 12-25,Sim101,"50,11/19/2025 8:54:10 AM , PT_A , FromEntry=LongA , State=CancelPending , Lmt=24566.25 Stp=24544.75 , Qty=1 Filled=0 , Error=NoError "
2025-11-19 08:54:10.431,OnOrderUpdate,0,Realtime,MNQ 12-25,Sim101,"[CDN_STAMP_EVT] ,2025-11-19T08:54:10.3961374 dir=LONG anchorUtc=2025-11-19T06:54:10.4313378Z desiredExp=2025-11-19T06:54:15.4313378Z setExp=2025-11-19T06:54:15.4313378Z"
2025-11-19 08:54:10.432,OnOrderUpdate,0,Realtime,MNQ 12-25,Sim101,"[CDN_CHECK_POST], state=Realtime barT=2025-11-19T08:54:30.0000000 dir=LONG rem=5.00s nowUtc=2025-11-19T06:54:10.4321416Z"
2025-11-19 08:54:10.432,OnOrderUpdate,0,Realtime,MNQ 12-25,Sim101,"44,11/19/2025 8:54:10 AM SL_A full fill; runner KEPT (partialCfg=False, fullCfg=False)."
2025-11-19 08:54:10.432,OnOrderUpdate,0,Realtime,MNQ 12-25,Sim101,"50,11/19/2025 8:54:10 AM , SL_A , FromEntry=LongA , State=Filled , Lmt=0 Stp=24550.25 , Qty=5 Filled=5 , Error=NoError "
2025-11-19 08:54:10.433,OnExecutionUpdate,0,Realtime,MNQ 12-25,Sim101,[LegQtyExec] o=SL_A From=LongA execQty=1 LA=0 LB=5 SA=0 SB=0 posQty=5
2025-11-19 08:54:10.495,OnOrderUpdate,0,Realtime,MNQ 12-25,Sim101,"50,11/19/2025 8:54:10 AM , PT_A , FromEntry=LongA , State=CancelPending , Lmt=24566.25 Stp=24544.75 , Qty=1 Filled=0 , Error=NoError "
2025-11-19 08:54:10.496,OnOrderUpdate,0,Realtime,MNQ 12-25,Sim101,"50,11/19/2025 8:54:10 AM , PT_A , FromEntry=LongA , State=CancelSubmitted , Lmt=24566.25 Stp=24544.75 , Qty=1 Filled=0 , Error=NoError "
2025-11-19 08:54:10.496,OnOrderUpdate,0,Realtime,MNQ 12-25,Sim101,"50,11/19/2025 8:54:10 AM , PT_A , FromEntry=LongA , State=Accepted , Lmt=24566.25 Stp=24544.75 , Qty=1 Filled=0 , Error=NoError "
2025-11-19 08:54:10.499,ManageRunnerStopsCompact,0,Realtime,MNQ 12-25,Sim101,[RunnerArm] LAopen=False LAmode=False SAopen=False SAmode=False armedLB=True armedSB=True RunnerTrailsWithA=True activeQtyA=5
2025-11-19 08:54:10.500,ManageRunnerStopsCompact,0,Realtime,MNQ 12-25,Sim101,[RunnerDo] LongB tighten desired=24548 guard=24549.75 prev=24550
2025-11-19 08:54:10.578,ManageRunnerStopsCompact,0,Realtime,MNQ 12-25,Sim101,[RunnerDo] LongB tighten desired=24548 guard=24549.75 prev=24550
2025-11-19 08:54:10.579,OnOrderUpdate,0,Realtime,MNQ 12-25,Sim101,"50,11/19/2025 8:54:10 AM , SL_B , FromEntry=LongB , State=Working , Lmt=0 Stp=24550 , Qty=1 Filled=0 , Error=NoError "
2025-11-19 08:54:10.625,OnOrderUpdate,0,Realtime,MNQ 12-25,Sim101,"50,11/19/2025 8:54:10 AM , PT_A , FromEntry=LongA , State=Cancelled , Lmt=24566.25 Stp=24544.75 , Qty=1 Filled=0 , Error=NoError "
2025-11-19 08:54:10.663,ManageRunnerStopsCompact,0,Realtime,MNQ 12-25,Sim101,[RunnerDo] LongB tighten desired=24548 guard=24549.75 prev=24550
2025-11-19 08:54:10.688,OnOrderUpdate,0,Realtime,MNQ 12-25,Sim101,"[CDN_STAMP_EVT] ,2025-11-19T08:54:10.6634044 dir=LONG anchorUtc=2025-11-19T06:54:10.6871840Z desiredExp=2025-11-19T06:54:15.6871840Z setExp=2025-11-19T06:54:15.6871840Z"
2025-11-19 08:54:10.688,OnOrderUpdate,0,Realtime,MNQ 12-25,Sim101,"[CDN_CHECK_POST], state=Realtime barT=2025-11-19T08:54:30.0000000 dir=LONG rem=5.00s nowUtc=2025-11-19T06:54:10.6881828Z"
2025-11-19 08:54:10.691,OnOrderUpdate,0,Realtime,MNQ 12-25,Sim101,"50,11/19/2025 8:54:10 AM , SL_B , FromEntry=LongB , State=Filled , Lmt=0 Stp=24550 , Qty=1 Filled=1 , Error=NoError "
2025-11-19 08:54:10.693,OnOrderUpdate,0,Realtime,MNQ 12-25,Sim101,"50,11/19/2025 8:54:10 AM , SL_B , FromEntry=LongB , State=CancelPending , Lmt=0 Stp=24549.75 , Qty=1 Filled=0 , Error=NoError "
2025-11-19 08:54:10.694,OnOrderUpdate,0,Realtime,MNQ 12-25,Sim101,"50,11/19/2025 8:54:10 AM , SL_B , FromEntry=LongB , State=CancelSubmitted , Lmt=0 Stp=24549.75 , Qty=1 Filled=0 , Error=NoError "
2025-11-19 08:54:10.695,OnExecutionUpdate,0,Realtime,MNQ 12-25,Sim101,[LegQtyExec] o=SL_B From=LongB execQty=1 LA=0 LB=4 SA=0 SB=0 posQty=4
2025-11-19 08:54:10.804,ArmOrTightenStop,0,Realtime,MNQ 12-25,Sim101,[Rescue]  SL_FAILSAFE -> 24544.75
2025-11-19 08:54:10.833,OnOrderUpdate,0,Realtime,MNQ 12-25,Sim101,"[FailsafeSchedule] Stop cancelled, no proper stops active; scheduling failsafe."
2025-11-19 08:54:10.873,OnOrderUpdate,0,Realtime,MNQ 12-25,Sim101,"50,11/19/2025 8:54:10 AM , SL_B , FromEntry=LongB , State=Submitted , Lmt=0 Stp=24549.75 , Qty=4 Filled=0 , Error=NoError "
2025-11-19 08:54:10.874,OnOrderUpdate,0,Realtime,MNQ 12-25,Sim101,"49,11/19/2025 8:54:10 AM SL_B cancelled but leg still open for LongB. Re-submitted stop at 24549.75."
2025-11-19 08:54:10.875,OnOrderUpdate,0,Realtime,MNQ 12-25,Sim101,"50,11/19/2025 8:54:10 AM , SL_B , FromEntry=LongB , State=Cancelled , Lmt=0 Stp=24549.75 , Qty=1 Filled=0 , Error=NoError "
2025-11-19 08:54:10.897,ManageRunnerStopsCompact,0,Realtime,MNQ 12-25,Sim101,[RunnerDo] LongB tighten desired=24548 guard=24549.75 prev=24549.75
2025-11-19 08:54:10.984,OnOrderUpdate,0,Realtime,MNQ 12-25,Sim101,"50,11/19/2025 8:54:10 AM , SL_B , FromEntry=LongB , State=Accepted , Lmt=0 Stp=24549.75 , Qty=4 Filled=0 , Error=NoError "
2025-11-19 08:54:11.001,ManageRunnerStopsCompact,0,Realtime,MNQ 12-25,Sim101,[RunnerDo] LongB tighten desired=24548 guard=24549.75 prev=24549.75
2025-11-19 08:54:11.002,OnOrderUpdate,0,Realtime,MNQ 12-25,Sim101,"50,11/19/2025 8:54:11 AM , SL_B , FromEntry=LongB , State=Working , Lmt=0 Stp=24549.75 , Qty=4 Filled=0 , Error=NoError "
2025-11-19 08:54:11.033,OnOrderUpdate,0,Realtime,MNQ 12-25,Sim101,"[CDN_STAMP_EVT] ,2025-11-19T08:54:11.0021327 dir=LONG anchorUtc=2025-11-19T06:54:11.0337091Z desiredExp=2025-11-19T06:54:16.0337091Z setExp=2025-11-19T06:54:16.0337091Z"
2025-11-19 08:54:11.034,OnOrderUpdate,0,Realtime,MNQ 12-25,Sim101,"[CDN_CHECK_POST], state=Realtime barT=2025-11-19T08:54:30.0000000 dir=LONG rem=5.00s nowUtc=2025-11-19T06:54:11.0347102Z"
2025-11-19 08:54:11.034,OnOrderUpdate,0,Realtime,MNQ 12-25,Sim101,"50,11/19/2025 8:54:11 AM , SL_B , FromEntry=LongB , State=Filled , Lmt=0 Stp=24549.75 , Qty=4 Filled=4 , Error=NoError "
2025-11-19 08:54:11.035,OnExecutionUpdate,0,Realtime,MNQ 12-25,Sim101,[LegQtyExec] o=SL_B From=LongB execQty=4 LA=0 LB=0 SA=0 SB=0 posQty=0
2025-11-19 08:54:24.763,SubmitLongAB,0,Realtime,MNQ 12-25,Sim101,16_11/19/2025 8:54:30 AM SubmitLongAB: QtyA=5 QtyB=5
2025-11-19 08:54:24.801,OnOrderUpdate,0,Realtime,MNQ 12-25,Sim101,"34,11/19/2025 8:54:24 AM ENTRY , LongA , Action=Buy , State=Submitted , Qty=5 Filled=0 , Avg=0 , Err=NoError "
2025-11-19 08:54:24.846,OnOrderUpdate,0,Realtime,MNQ 12-25,Sim101,"34,11/19/2025 8:54:24 AM ENTRY , LongB , Action=Buy , State=Submitted , Qty=5 Filled=0 , Avg=0 , Err=NoError "
2025-11-19 08:54:24.905,OnOrderUpdate,0,Realtime,MNQ 12-25,Sim101,"34,11/19/2025 8:54:24 AM ENTRY , LongA , Action=Buy , State=Accepted , Qty=5 Filled=0 , Avg=0 , Err=NoError "
2025-11-19 08:54:24.905,OnOrderUpdate,0,Realtime,MNQ 12-25,Sim101,"34,11/19/2025 8:54:24 AM ENTRY , LongA , Action=Buy , State=Working , Qty=5 Filled=0 , Avg=0 , Err=NoError "
2025-11-19 08:54:24.962,OnOrderUpdate,0,Realtime,MNQ 12-25,Sim101,"34,11/19/2025 8:54:24 AM ENTRY , LongB , Action=Buy , State=Accepted , Qty=5 Filled=0 , Avg=0 , Err=NoError "
2025-11-19 08:54:24.962,OnOrderUpdate,0,Realtime,MNQ 12-25,Sim101,"34,11/19/2025 8:54:24 AM ENTRY , LongB , Action=Buy , State=Working , Qty=5 Filled=0 , Avg=0 , Err=NoError "
2025-11-19 08:54:24.975,OnOrderUpdate,0,Realtime,MNQ 12-25,Sim101,"34,11/19/2025 8:54:24 AM ENTRY , LongA , Action=Buy , State=PartFilled , Qty=5 Filled=4 , Avg=24552.75 , Err=NoError "
2025-11-19 08:54:24.976,OnExecutionUpdate,0,Realtime,MNQ 12-25,Sim101,[LegQtyExec] o=LongA From= execQty=4 LA=4 LB=0 SA=0 SB=0 posQty=4
2025-11-19 08:54:25.006,OnOrderUpdate,0,Realtime,MNQ 12-25,Sim101,"50,11/19/2025 8:54:24 AM , SL_A , FromEntry=LongA , State=Submitted , Lmt=0 Stp=24547.5 , Qty=4 Filled=0 , Error=NoError "
2025-11-19 08:54:25.007,ArmOrTightenStop,0,Realtime,MNQ 12-25,Sim101,[EnsureA-Fixed] LongA SL_A -> 24547.5
2025-11-19 08:54:25.038,OnOrderUpdate,0,Realtime,MNQ 12-25,Sim101,"34,11/19/2025 8:54:25 AM ENTRY , LongA , Action=Buy , State=Filled , Qty=5 Filled=5 , Avg=24552.8 , Err=NoError "
2025-11-19 08:54:25.039,OnExecutionUpdate,0,Realtime,MNQ 12-25,Sim101,[LegQtyExec] o=LongA From= execQty=1 LA=5 LB=0 SA=0 SB=0 posQty=5
2025-11-19 08:54:25.040,OnOrderUpdate,0,Realtime,MNQ 12-25,Sim101,"50,11/19/2025 8:54:25 AM , SL_A , FromEntry=LongA , State=CancelPending , Lmt=0 Stp=24547.5 , Qty=4 Filled=0 , Error=NoError "
2025-11-19 08:54:25.071,OnOrderUpdate,0,Realtime,MNQ 12-25,Sim101,"50,11/19/2025 8:54:25 AM , PT_A , FromEntry=LongA , State=Submitted , Lmt=24563.25 Stp=24546 , Qty=5 Filled=0 , Error=NoError "
2025-11-19 08:54:25.072,OnExecutionUpdate,0,Realtime,MNQ 12-25,Sim101,"28,11/19/2025 8:54:25 AM LongA FULL fill @ 24552.8 , PT_A=24563.25 SL_A=24547.5 , dynTA=42 dynSLTicks=21"
2025-11-19 08:54:25.075,OnOrderUpdate,0,Realtime,MNQ 12-25,Sim101,"34,11/19/2025 8:54:25 AM ENTRY , LongB , Action=Buy , State=PartFilled , Qty=5 Filled=4 , Avg=24552.75 , Err=NoError "
2025-11-19 08:54:25.081,OnExecutionUpdate,0,Realtime,MNQ 12-25,Sim101,[LegQtyExec] o=LongB From= execQty=4 LA=5 LB=4 SA=0 SB=0 posQty=9
2025-11-19 08:54:25.110,ArmOrTightenStop,0,Realtime,MNQ 12-25,Sim101,[EnsureB-Fixed] LongB SL_B -> 24547.5
2025-11-19 08:54:25.111,OnOrderUpdate,0,Realtime,MNQ 12-25,Sim101,"50,11/19/2025 8:54:25 AM , SL_B , FromEntry=LongB , State=Submitted , Lmt=0 Stp=24547.5 , Qty=4 Filled=0 , Error=NoError "
2025-11-19 08:54:25.111,OnOrderUpdate,0,Realtime,MNQ 12-25,Sim101,"50,11/19/2025 8:54:25 AM , SL_A , FromEntry=LongA , State=CancelPending , Lmt=0 Stp=24547.5 , Qty=4 Filled=0 , Error=NoError "
2025-11-19 08:54:25.111,ArmOrTightenStop,0,Realtime,MNQ 12-25,Sim101,[EnsureB-Fixed] LongB SL_B -> 24547.5
2025-11-19 08:54:25.112,OnOrderUpdate,0,Realtime,MNQ 12-25,Sim101,"50,11/19/2025 8:54:25 AM , SL_A , FromEntry=LongA , State=CancelSubmitted , Lmt=0 Stp=24547.5 , Qty=4 Filled=0 , Error=NoError "
2025-11-19 08:54:25.113,OnOrderUpdate,0,Realtime,MNQ 12-25,Sim101,"50,11/19/2025 8:54:25 AM , SL_A , FromEntry=LongA , State=Accepted , Lmt=0 Stp=24547.5 , Qty=4 Filled=0 , Error=NoError "
2025-11-19 08:54:25.142,OnOrderUpdate,0,Realtime,MNQ 12-25,Sim101,"34,11/19/2025 8:54:25 AM ENTRY , LongB , Action=Buy , State=Filled , Qty=5 Filled=5 , Avg=24552.8 , Err=NoError "
2025-11-19 08:54:25.144,OnExecutionUpdate,0,Realtime,MNQ 12-25,Sim101,[LegQtyExec] o=LongB From= execQty=1 LA=5 LB=5 SA=0 SB=0 posQty=10
2025-11-19 08:54:25.145,OnExecutionUpdate,0,Realtime,MNQ 12-25,Sim101,"30,11/19/2025 8:54:25 AM LongB FULL fill @ 24552.8 , SL_B init=24547.5 , dynSLTicks=21 , armed=False"
2025-11-19 08:54:25.176,OnOrderUpdate,0,Realtime,MNQ 12-25,Sim101,"50,11/19/2025 8:54:25 AM , PT_A , FromEntry=LongA , State=Accepted , Lmt=24563.25 Stp=24546 , Qty=5 Filled=0 , Error=NoError "
2025-11-19 08:54:25.177,OnOrderUpdate,0,Realtime,MNQ 12-25,Sim101,"50,11/19/2025 8:54:25 AM , PT_A , FromEntry=LongA , State=Working , Lmt=24563.25 Stp=24546 , Qty=5 Filled=0 , Error=NoError "
2025-11-19 08:54:25.206,ManageRunnerStopsCompact,0,Realtime,MNQ 12-25,Sim101,[RunnerArm] LAopen=True LAmode=False SAopen=False SAmode=False armedLB=False armedSB=False RunnerTrailsWithA=True activeQtyA=5
2025-11-19 08:54:25.212,OnOrderUpdate,0,Realtime,MNQ 12-25,Sim101,"50,11/19/2025 8:54:25 AM , SL_B , FromEntry=LongB , State=Accepted , Lmt=0 Stp=24547.5 , Qty=4 Filled=0 , Error=NoError "
2025-11-19 08:54:25.273,OnOrderUpdate,0,Realtime,MNQ 12-25,Sim101,"50,11/19/2025 8:54:25 AM , SL_A , FromEntry=LongA , State=Submitted , Lmt=0 Stp=24547.5 , Qty=5 Filled=0 , Error=NoError "
2025-11-19 08:54:25.273,OnOrderUpdate,0,Realtime,MNQ 12-25,Sim101,"49,11/19/2025 8:54:25 AM SL_A cancelled but leg still open for LongA. Re-submitted stop at 24547.5."
2025-11-19 08:54:25.273,OnOrderUpdate,0,Realtime,MNQ 12-25,Sim101,"50,11/19/2025 8:54:25 AM , SL_A , FromEntry=LongA , State=Cancelled , Lmt=0 Stp=24547.5 , Qty=4 Filled=0 , Error=NoError "
2025-11-19 08:54:25.384,OnOrderUpdate,0,Realtime,MNQ 12-25,Sim101,"50,11/19/2025 8:54:25 AM , SL_A , FromEntry=LongA , State=Accepted , Lmt=0 Stp=24547.5 , Qty=5 Filled=0 , Error=NoError "
2025-11-19 08:55:04.912,OnOrderUpdate,0,Realtime,MNQ 12-25,Sim101,"50,11/19/2025 8:55:04 AM , SL_A , FromEntry=LongA , State=ChangePending , Lmt=0 Stp=24547.5 , Qty=5 Filled=0 , Error=NoError "
2025-11-19 08:55:04.913,OnOrderUpdate,0,Realtime,MNQ 12-25,Sim101,"50,11/19/2025 8:55:04 AM , SL_A , FromEntry=LongA , State=ChangeSubmitted , Lmt=0 Stp=24547.75 , Qty=5 Filled=0 , Error=NoError "
2025-11-19 08:55:05.014,OnOrderUpdate,0,Realtime,MNQ 12-25,Sim101,"50,11/19/2025 8:55:05 AM , SL_A , FromEntry=LongA , State=Accepted , Lmt=0 Stp=24547.75 , Qty=5 Filled=0 , Error=NoError "
2025-11-19 08:55:05.651,OnOrderUpdate,0,Realtime,MNQ 12-25,Sim101,"50,11/19/2025 8:55:05 AM , SL_A , FromEntry=LongA , State=ChangePending , Lmt=0 Stp=24547.75 , Qty=5 Filled=0 , Error=NoError "
2025-11-19 08:55:05.651,OnOrderUpdate,0,Realtime,MNQ 12-25,Sim101,"50,11/19/2025 8:55:05 AM , SL_A , FromEntry=LongA , State=ChangeSubmitted , Lmt=0 Stp=24548.5 , Qty=5 Filled=0 , Error=NoError "
2025-11-19 08:55:05.772,OnOrderUpdate,0,Realtime,MNQ 12-25,Sim101,"50,11/19/2025 8:55:05 AM , SL_A , FromEntry=LongA , State=Accepted , Lmt=0 Stp=24548.5 , Qty=5 Filled=0 , Error=NoError "
2025-11-19 08:55:05.777,OnOrderUpdate,0,Realtime,MNQ 12-25,Sim101,"50,11/19/2025 8:55:05 AM , SL_A , FromEntry=LongA , State=Working , Lmt=0 Stp=24548.5 , Qty=5 Filled=0 , Error=NoError "
2025-11-19 08:55:05.809,OnOrderUpdate,0,Realtime,MNQ 12-25,Sim101,"44,11/19/2025 8:55:05 AM SL_A partial fill; runner KEPT (partialCfg=False, fullCfg=False)."
2025-11-19 08:55:05.809,OnOrderUpdate,0,Realtime,MNQ 12-25,Sim101,"46,11/19/2025 8:55:05 AM SL_A partial for LongA. Stop unchanged at 24548.5, not resubmitting."
2025-11-19 08:55:05.810,OnOrderUpdate,0,Realtime,MNQ 12-25,Sim101,"50,11/19/2025 8:55:05 AM , SL_A , FromEntry=LongA , State=PartFilled , Lmt=0 Stp=24548.5 , Qty=5 Filled=2 , Error=NoError "
2025-11-19 08:55:05.810,OnExecutionUpdate,0,Realtime,MNQ 12-25,Sim101,[LegQtyExec] o=SL_A From=LongA execQty=2 LA=3 LB=5 SA=0 SB=0 posQty=8
2025-11-19 08:55:05.848,OnOrderUpdate,0,Realtime,MNQ 12-25,Sim101,"50,11/19/2025 8:55:05 AM , PT_A , FromEntry=LongA , State=CancelPending , Lmt=24563.25 Stp=24544.5 , Qty=5 Filled=0 , Error=NoError "
2025-11-19 08:55:05.849,OnOrderUpdate,0,Realtime,MNQ 12-25,Sim101,"50,11/19/2025 8:55:05 AM , PT_A , FromEntry=LongA , State=CancelSubmitted , Lmt=24563.25 Stp=24544.5 , Qty=5 Filled=0 , Error=NoError "
2025-11-19 08:55:05.850,OnOrderUpdate,0,Realtime,MNQ 12-25,Sim101,"[CDN_STAMP_EVT] ,2025-11-19T08:55:05.8110664 dir=LONG anchorUtc=2025-11-19T06:55:05.8500667Z desiredExp=2025-11-19T06:55:10.8500667Z setExp=2025-11-19T06:55:10.8500667Z"
2025-11-19 08:55:05.851,OnOrderUpdate,0,Realtime,MNQ 12-25,Sim101,"[CDN_CHECK_POST], state=Realtime barT=2025-11-19T08:55:30.0000000 dir=LONG rem=5.00s nowUtc=2025-11-19T06:55:05.8510651Z"
2025-11-19 08:55:05.851,OnOrderUpdate,0,Realtime,MNQ 12-25,Sim101,"44,11/19/2025 8:55:05 AM SL_A full fill; runner KEPT (partialCfg=False, fullCfg=False)."
2025-11-19 08:55:05.852,OnOrderUpdate,0,Realtime,MNQ 12-25,Sim101,"50,11/19/2025 8:55:05 AM , SL_A , FromEntry=LongA , State=Filled , Lmt=0 Stp=24548.5 , Qty=5 Filled=5 , Error=NoError "
2025-11-19 08:55:05.853,OnExecutionUpdate,0,Realtime,MNQ 12-25,Sim101,[LegQtyExec] o=SL_A From=LongA execQty=3 LA=0 LB=5 SA=0 SB=0 posQty=5
2025-11-19 08:55:05.879,ManageRunnerStopsCompact,0,Realtime,MNQ 12-25,Sim101,[RunnerArm] LAopen=False LAmode=False SAopen=False SAmode=False armedLB=True armedSB=True RunnerTrailsWithA=True activeQtyA=5
2025-11-19 08:55:05.879,ManageRunnerStopsCompact,0,Realtime,MNQ 12-25,Sim101,[RunnerDo] LongB tighten desired=24547.75 guard=24549.5 prev=24547.5
2025-11-19 08:55:05.880,OnOrderUpdate,0,Realtime,MNQ 12-25,Sim101,"50,11/19/2025 8:55:05 AM , SL_B , FromEntry=LongB , State=ChangePending , Lmt=0 Stp=24547.5 , Qty=4 Filled=0 , Error=NoError "
2025-11-19 08:55:05.881,OnOrderUpdate,0,Realtime,MNQ 12-25,Sim101,"50,11/19/2025 8:55:05 AM , SL_B , FromEntry=LongB , State=ChangeSubmitted , Lmt=0 Stp=24547.75 , Qty=4 Filled=0 , Error=NoError "
2025-11-19 08:55:05.882,ArmOrTightenStop,0,Realtime,MNQ 12-25,Sim101,[Runner] LongB SL_B -> 24547.75
2025-11-19 08:55:05.985,OnOrderUpdate,0,Realtime,MNQ 12-25,Sim101,"50,11/19/2025 8:55:05 AM , SL_B , FromEntry=LongB , State=Accepted , Lmt=0 Stp=24547.75 , Qty=4 Filled=0 , Error=NoError "
2025-11-19 08:55:05.985,ManageRunnerStopsCompact,0,Realtime,MNQ 12-25,Sim101,[RunnerDo] LongB tighten desired=24547.75 guard=24549.5 prev=24547.75
2025-11-19 08:55:05.989,OnOrderUpdate,0,Realtime,MNQ 12-25,Sim101,"50,11/19/2025 8:55:05 AM , PT_A , FromEntry=LongA , State=Cancelled , Lmt=24563.25 Stp=24544.5 , Qty=5 Filled=0 , Error=NoError "
2025-11-19 08:55:06.075,ManageRunnerStopsCompact,0,Realtime,MNQ 12-25,Sim101,[RunnerDo] LongB tighten desired=24547.75 guard=24549.5 prev=24547.75
2025-11-19 08:55:06.169,ManageRunnerStopsCompact,0,Realtime,MNQ 12-25,Sim101,[RunnerDo] LongB tighten desired=24547.75 guard=24549.5 prev=24547.75
2025-11-19 08:55:06.509,ManageRunnerStopsCompact,0,Realtime,MNQ 12-25,Sim101,[RunnerDo] LongB tighten desired=24547.5 guard=24549.25 prev=24547.75
2025-11-19 08:55:06.625,ManageRunnerStopsCompact,0,Realtime,MNQ 12-25,Sim101,[RunnerDo] LongB tighten desired=24547.75 guard=24549.5 prev=24547.75
2025-11-19 08:55:07.539,ManageRunnerStopsCompact,0,Realtime,MNQ 12-25,Sim101,[RunnerDo] LongB tighten desired=24548.75 guard=24550.5 prev=24547.75
2025-11-19 08:55:07.540,OnOrderUpdate,0,Realtime,MNQ 12-25,Sim101,"50,11/19/2025 8:55:07 AM , SL_B , FromEntry=LongB , State=ChangePending , Lmt=0 Stp=24547.75 , Qty=4 Filled=0 , Error=NoError "
2025-11-19 08:55:07.541,OnOrderUpdate,0,Realtime,MNQ 12-25,Sim101,"50,11/19/2025 8:55:07 AM , SL_B , FromEntry=LongB , State=ChangeSubmitted , Lmt=0 Stp=24548.75 , Qty=4 Filled=0 , Error=NoError "
2025-11-19 08:55:07.541,ArmOrTightenStop,0,Realtime,MNQ 12-25,Sim101,[Runner] LongB SL_B -> 24548.75
2025-11-19 08:55:07.652,OnOrderUpdate,0,Realtime,MNQ 12-25,Sim101,"50,11/19/2025 8:55:07 AM , SL_B , FromEntry=LongB , State=Accepted , Lmt=0 Stp=24548.75 , Qty=4 Filled=0 , Error=NoError "
2025-11-19 08:55:07.812,ManageRunnerStopsCompact,0,Realtime,MNQ 12-25,Sim101,[RunnerDo] LongB tighten desired=24549 guard=24550.75 prev=24548.75
2025-11-19 08:55:07.813,OnOrderUpdate,0,Realtime,MNQ 12-25,Sim101,"50,11/19/2025 8:55:07 AM , SL_B , FromEntry=LongB , State=ChangePending , Lmt=0 Stp=24548.75 , Qty=4 Filled=0 , Error=NoError "
2025-11-19 08:55:07.814,OnOrderUpdate,0,Realtime,MNQ 12-25,Sim101,"50,11/19/2025 8:55:07 AM , SL_B , FromEntry=LongB , State=ChangeSubmitted , Lmt=0 Stp=24549 , Qty=4 Filled=0 , Error=NoError "
2025-11-19 08:55:07.815,ArmOrTightenStop,0,Realtime,MNQ 12-25,Sim101,[Runner] LongB SL_B -> 24549
2025-11-19 08:55:07.923,OnOrderUpdate,0,Realtime,MNQ 12-25,Sim101,"50,11/19/2025 8:55:07 AM , SL_B , FromEntry=LongB , State=Accepted , Lmt=0 Stp=24549 , Qty=4 Filled=0 , Error=NoError "
2025-11-19 08:55:09.108,ManageRunnerStopsCompact,0,Realtime,MNQ 12-25,Sim101,[RunnerDo] LongB tighten desired=24549.25 guard=24551 prev=24549
2025-11-19 08:55:09.108,OnOrderUpdate,0,Realtime,MNQ 12-25,Sim101,"50,11/19/2025 8:55:09 AM , SL_B , FromEntry=LongB , State=ChangePending , Lmt=0 Stp=24549 , Qty=4 Filled=0 , Error=NoError "
2025-11-19 08:55:09.109,OnOrderUpdate,0,Realtime,MNQ 12-25,Sim101,"50,11/19/2025 8:55:09 AM , SL_B , FromEntry=LongB , State=ChangeSubmitted , Lmt=0 Stp=24549.25 , Qty=4 Filled=0 , Error=NoError "
2025-11-19 08:55:09.110,ArmOrTightenStop,0,Realtime,MNQ 12-25,Sim101,[Runner] LongB SL_B -> 24549.25
2025-11-19 08:55:09.227,OnOrderUpdate,0,Realtime,MNQ 12-25,Sim101,"50,11/19/2025 8:55:09 AM , SL_B , FromEntry=LongB , State=Accepted , Lmt=0 Stp=24549.25 , Qty=4 Filled=0 , Error=NoError "
2025-11-19 08:55:10.179,ManageRunnerStopsCompact,0,Realtime,MNQ 12-25,Sim101,[RunnerDo] LongB tighten desired=24549.25 guard=24551 prev=24549.25
2025-11-19 08:55:11.488,ManageRunnerStopsCompact,0,Realtime,MNQ 12-25,Sim101,[RunnerDo] LongB tighten desired=24547.25 guard=24549 prev=24549.25
2025-11-19 08:55:11.714,ManageRunnerStopsCompact,0,Realtime,MNQ 12-25,Sim101,[RunnerDo] LongB tighten desired=24547.5 guard=24549.25 prev=24549.25
2025-11-19 08:55:14.979,ManageRunnerStopsCompact,0,Realtime,MNQ 12-25,Sim101,[RunnerDo] LongB tighten desired=24548 guard=24549.75 prev=24549.25
2025-11-19 08:55:16.076,ManageRunnerStopsCompact,0,Realtime,MNQ 12-25,Sim101,[RunnerDo] LongB tighten desired=24549.25 guard=24551 prev=24549.25
2025-11-19 08:55:16.291,ManageRunnerStopsCompact,0,Realtime,MNQ 12-25,Sim101,[RunnerDo] LongB tighten desired=24549 guard=24550.75 prev=24549.25
2025-11-19 08:55:18.433,ManageRunnerStopsCompact,0,Realtime,MNQ 12-25,Sim101,[RunnerDo] LongB tighten desired=24549 guard=24550.75 prev=24549.25
2025-11-19 08:55:22.892,ManageRunnerStopsCompact,0,Realtime,MNQ 12-25,Sim101,[RunnerDo] LongB tighten desired=24549.25 guard=24551 prev=24549.25
2025-11-19 08:55:23.651,ManageRunnerStopsCompact,0,Realtime,MNQ 12-25,Sim101,[RunnerDo] LongB tighten desired=24549.5 guard=24551.25 prev=24549.25
2025-11-19 08:55:23.652,OnOrderUpdate,0,Realtime,MNQ 12-25,Sim101,"50,11/19/2025 8:55:23 AM , SL_B , FromEntry=LongB , State=ChangePending , Lmt=0 Stp=24549.25 , Qty=4 Filled=0 , Error=NoError "
2025-11-19 08:55:23.653,OnOrderUpdate,0,Realtime,MNQ 12-25,Sim101,"50,11/19/2025 8:55:23 AM , SL_B , FromEntry=LongB , State=ChangeSubmitted , Lmt=0 Stp=24549.5 , Qty=4 Filled=0 , Error=NoError "
2025-11-19 08:55:23.659,ArmOrTightenStop,0,Realtime,MNQ 12-25,Sim101,[Runner] LongB SL_B -> 24549.5
2025-11-19 08:55:23.760,OnOrderUpdate,0,Realtime,MNQ 12-25,Sim101,"50,11/19/2025 8:55:23 AM , SL_B , FromEntry=LongB , State=Accepted , Lmt=0 Stp=24549.5 , Qty=4 Filled=0 , Error=NoError "
2025-11-19 08:55:25.247,ManageRunnerStopsCompact,0,Realtime,MNQ 12-25,Sim101,[RunnerDo] LongB tighten desired=24549.5 guard=24551.25 prev=24549.5
2025-11-19 08:55:25.588,ManageRunnerStopsCompact,0,Realtime,MNQ 12-25,Sim101,[RunnerDo] LongB tighten desired=24549.25 guard=24551 prev=24549.5
2025-11-19 08:55:26.605,ManageRunnerStopsCompact,0,Realtime,MNQ 12-25,Sim101,[RunnerDo] LongB tighten desired=24550.75 guard=24552.5 prev=24549.5
2025-11-19 08:55:26.605,OnOrderUpdate,0,Realtime,MNQ 12-25,Sim101,"50,11/19/2025 8:55:26 AM , SL_B , FromEntry=LongB , State=ChangePending , Lmt=0 Stp=24549.5 , Qty=4 Filled=0 , Error=NoError "
2025-11-19 08:55:26.606,OnOrderUpdate,0,Realtime,MNQ 12-25,Sim101,"50,11/19/2025 8:55:26 AM , SL_B , FromEntry=LongB , State=ChangeSubmitted , Lmt=0 Stp=24550.75 , Qty=4 Filled=0 , Error=NoError "
2025-11-19 08:55:26.606,ArmOrTightenStop,0,Realtime,MNQ 12-25,Sim101,[Runner] LongB SL_B -> 24550.75
2025-11-19 08:55:26.714,OnOrderUpdate,0,Realtime,MNQ 12-25,Sim101,"50,11/19/2025 8:55:26 AM , SL_B , FromEntry=LongB , State=Accepted , Lmt=0 Stp=24550.75 , Qty=4 Filled=0 , Error=NoError "
2025-11-19 08:55:26.769,ManageRunnerStopsCompact,0,Realtime,MNQ 12-25,Sim101,[RunnerDo] LongB tighten desired=24550.75 guard=24552.5 prev=24550.75
2025-11-19 08:55:30.879,ManageRunnerStopsCompact,0,Realtime,MNQ 12-25,Sim101,[RunnerDo] LongB tighten desired=24550 guard=24551.75 prev=24550.75
2025-11-19 08:55:32.464,ManageRunnerStopsCompact,0,Realtime,MNQ 12-25,Sim101,[RunnerDo] LongB tighten desired=24549.75 guard=24551.5 prev=24550.75
2025-11-19 08:55:33.533,ManageRunnerStopsCompact,0,Realtime,MNQ 12-25,Sim101,[RunnerDo] LongB tighten desired=24549.75 guard=24551.5 prev=24550.75
2025-11-19 08:55:33.625,ManageRunnerStopsCompact,0,Realtime,MNQ 12-25,Sim101,[RunnerDo] LongB tighten desired=24549.75 guard=24551.5 prev=24550.75
2025-11-19 08:55:33.978,ManageRunnerStopsCompact,0,Realtime,MNQ 12-25,Sim101,[RunnerDo] LongB tighten desired=24550.25 guard=24552 prev=24550.75
2025-11-19 08:55:35.175,ManageRunnerStopsCompact,0,Realtime,MNQ 12-25,Sim101,[RunnerDo] LongB tighten desired=24551.5 guard=24553.25 prev=24550.75
2025-11-19 08:55:35.176,OnOrderUpdate,0,Realtime,MNQ 12-25,Sim101,"50,11/19/2025 8:55:35 AM , SL_B , FromEntry=LongB , State=ChangePending , Lmt=0 Stp=24550.75 , Qty=4 Filled=0 , Error=NoError "
2025-11-19 08:55:35.177,OnOrderUpdate,0,Realtime,MNQ 12-25,Sim101,"50,11/19/2025 8:55:35 AM , SL_B , FromEntry=LongB , State=ChangeSubmitted , Lmt=0 Stp=24551.5 , Qty=4 Filled=0 , Error=NoError "
2025-11-19 08:55:35.178,ArmOrTightenStop,0,Realtime,MNQ 12-25,Sim101,[Runner] LongB SL_B -> 24551.5
2025-11-19 08:55:35.290,OnOrderUpdate,0,Realtime,MNQ 12-25,Sim101,"50,11/19/2025 8:55:35 AM , SL_B , FromEntry=LongB , State=Accepted , Lmt=0 Stp=24551.5 , Qty=4 Filled=0 , Error=NoError "
2025-11-19 08:55:36.371,ManageRunnerStopsCompact,0,Realtime,MNQ 12-25,Sim101,[RunnerDo] LongB tighten desired=24550.75 guard=24552.5 prev=24551.5
2025-11-19 08:55:36.715,ManageRunnerStopsCompact,0,Realtime,MNQ 12-25,Sim101,[RunnerDo] LongB tighten desired=24550.75 guard=24552.5 prev=24551.5
2025-11-19 08:55:37.543,ManageRunnerStopsCompact,0,Realtime,MNQ 12-25,Sim101,[RunnerDo] LongB tighten desired=24549.5 guard=24551.25 prev=24551.5
2025-11-19 08:55:37.553,OnOrderUpdate,0,Realtime,MNQ 12-25,Sim101,"50,11/19/2025 8:55:37 AM , SL_B , FromEntry=LongB , State=Working , Lmt=0 Stp=24551.5 , Qty=4 Filled=0 , Error=NoError "
2025-11-19 08:55:37.556,OnOrderUpdate,0,Realtime,MNQ 12-25,Sim101,"46,11/19/2025 8:55:37 AM SL_B partial for LongB. Stop unchanged at 24551.5, not resubmitting."
2025-11-19 08:55:37.559,OnOrderUpdate,0,Realtime,MNQ 12-25,Sim101,"50,11/19/2025 8:55:37 AM , SL_B , FromEntry=LongB , State=PartFilled , Lmt=0 Stp=24551.5 , Qty=4 Filled=3 , Error=NoError "
2025-11-19 08:55:37.560,OnExecutionUpdate,0,Realtime,MNQ 12-25,Sim101,[LegQtyExec] o=SL_B From=LongB execQty=3 LA=0 LB=2 SA=0 SB=0 posQty=2
2025-11-19 08:55:37.608,OnOrderUpdate,0,Realtime,MNQ 12-25,Sim101,[CooldownSkip] 2025-11-19T08:55:37.5665336 SL_B LongB -> loss=5.45t < 8t
2025-11-19 08:55:37.614,OnOrderUpdate,0,Realtime,MNQ 12-25,Sim101,"50,11/19/2025 8:55:37 AM , SL_B , FromEntry=LongB , State=Filled , Lmt=0 Stp=24551.5 , Qty=4 Filled=4 , Error=NoError "
2025-11-19 08:55:37.615,OnExecutionUpdate,0,Realtime,MNQ 12-25,Sim101,[LegQtyExec] o=SL_B From=LongB execQty=1 LA=0 LB=1 SA=0 SB=0 posQty=1
2025-11-19 08:55:38.876,ManageRunnerStopsCompact,0,Realtime,MNQ 12-25,Sim101,[RunnerDo] LongB tighten desired=24549.5 guard=24551.25 prev=NaN
2025-11-19 08:55:38.921,OnOrderUpdate,0,Realtime,MNQ 12-25,Sim101,"50,11/19/2025 8:55:38 AM , SL_B , FromEntry=LongB , State=Submitted , Lmt=0 Stp=24549.5 , Qty=1 Filled=0 , Error=NoError "
2025-11-19 08:55:38.921,ArmOrTightenStop,0,Realtime,MNQ 12-25,Sim101,[Runner] LongB SL_B -> 24549.5
2025-11-19 08:55:38.982,ManageRunnerStopsCompact,0,Realtime,MNQ 12-25,Sim101,[RunnerDo] LongB tighten desired=24549.5 guard=24551.25 prev=24549.5
2025-11-19 08:55:39.029,OnOrderUpdate,0,Realtime,MNQ 12-25,Sim101,"50,11/19/2025 8:55:39 AM , SL_B , FromEntry=LongB , State=Accepted , Lmt=0 Stp=24549.5 , Qty=1 Filled=0 , Error=NoError "
2025-11-19 08:55:39.060,ManageRunnerStopsCompact,0,Realtime,MNQ 12-25,Sim101,[RunnerDo] LongB tighten desired=24549.5 guard=24551.25 prev=24549.5
2025-11-19 08:55:39.151,ManageRunnerStopsCompact,0,Realtime,MNQ 12-25,Sim101,[RunnerDo] LongB tighten desired=24549.5 guard=24551.25 prev=24549.5
2025-11-19 08:55:39.576,ManageRunnerStopsCompact,0,Realtime,MNQ 12-25,Sim101,[RunnerDo] LongB tighten desired=24549.5 guard=24551.25 prev=24549.5
2025-11-19 08:55:39.713,ManageRunnerStopsCompact,0,Realtime,MNQ 12-25,Sim101,[RunnerDo] LongB tighten desired=24550.25 guard=24552 prev=24549.5
2025-11-19 08:55:39.715,OnOrderUpdate,0,Realtime,MNQ 12-25,Sim101,"50,11/19/2025 8:55:39 AM , SL_B , FromEntry=LongB , State=ChangePending , Lmt=0 Stp=24549.5 , Qty=1 Filled=0 , Error=NoError "
2025-11-19 08:55:39.716,OnOrderUpdate,0,Realtime,MNQ 12-25,Sim101,"50,11/19/2025 8:55:39 AM , SL_B , FromEntry=LongB , State=ChangeSubmitted , Lmt=0 Stp=24550.25 , Qty=1 Filled=0 , Error=NoError "
2025-11-19 08:55:39.717,ArmOrTightenStop,0,Realtime,MNQ 12-25,Sim101,[Runner] LongB SL_B -> 24550.25
2025-11-19 08:55:39.826,OnOrderUpdate,0,Realtime,MNQ 12-25,Sim101,"50,11/19/2025 8:55:39 AM , SL_B , FromEntry=LongB , State=Accepted , Lmt=0 Stp=24550.25 , Qty=1 Filled=0 , Error=NoError "
2025-11-19 08:55:40.089,ManageRunnerStopsCompact,0,Realtime,MNQ 12-25,Sim101,[RunnerDo] LongB tighten desired=24551 guard=24552.75 prev=24550.25
2025-11-19 08:55:40.090,OnOrderUpdate,0,Realtime,MNQ 12-25,Sim101,"50,11/19/2025 8:55:40 AM , SL_B , FromEntry=LongB , State=ChangePending , Lmt=0 Stp=24550.25 , Qty=1 Filled=0 , Error=NoError "
2025-11-19 08:55:40.091,OnOrderUpdate,0,Realtime,MNQ 12-25,Sim101,"50,11/19/2025 8:55:40 AM , SL_B , FromEntry=LongB , State=ChangeSubmitted , Lmt=0 Stp=24551 , Qty=1 Filled=0 , Error=NoError "
2025-11-19 08:55:40.092,ArmOrTightenStop,0,Realtime,MNQ 12-25,Sim101,[Runner] LongB SL_B -> 24551
2025-11-19 08:55:40.204,OnOrderUpdate,0,Realtime,MNQ 12-25,Sim101,"50,11/19/2025 8:55:40 AM , SL_B , FromEntry=LongB , State=Accepted , Lmt=0 Stp=24551 , Qty=1 Filled=0 , Error=NoError "
2025-11-19 08:55:43.588,ManageRunnerStopsCompact,0,Realtime,MNQ 12-25,Sim101,[RunnerDo] LongB tighten desired=24551.5 guard=24553.25 prev=24551
2025-11-19 08:55:43.589,OnOrderUpdate,0,Realtime,MNQ 12-25,Sim101,"50,11/19/2025 8:55:43 AM , SL_B , FromEntry=LongB , State=ChangePending , Lmt=0 Stp=24551 , Qty=1 Filled=0 , Error=NoError "
2025-11-19 08:55:43.590,OnOrderUpdate,0,Realtime,MNQ 12-25,Sim101,"50,11/19/2025 8:55:43 AM , SL_B , FromEntry=LongB , State=ChangeSubmitted , Lmt=0 Stp=24551.5 , Qty=1 Filled=0 , Error=NoError "
2025-11-19 08:55:43.591,ArmOrTightenStop,0,Realtime,MNQ 12-25,Sim101,[Runner] LongB SL_B -> 24551.5
2025-11-19 08:55:43.696,OnOrderUpdate,0,Realtime,MNQ 12-25,Sim101,"50,11/19/2025 8:55:43 AM , SL_B , FromEntry=LongB , State=Accepted , Lmt=0 Stp=24551.5 , Qty=1 Filled=0 , Error=NoError "
2025-11-19 08:55:43.786,ManageRunnerStopsCompact,0,Realtime,MNQ 12-25,Sim101,[RunnerDo] LongB tighten desired=24553 guard=24554.75 prev=24551.5
2025-11-19 08:55:43.788,OnOrderUpdate,0,Realtime,MNQ 12-25,Sim101,"50,11/19/2025 8:55:43 AM , SL_B , FromEntry=LongB , State=ChangePending , Lmt=0 Stp=24551.5 , Qty=1 Filled=0 , Error=NoError "
2025-11-19 08:55:43.788,OnOrderUpdate,0,Realtime,MNQ 12-25,Sim101,"50,11/19/2025 8:55:43 AM , SL_B , FromEntry=LongB , State=ChangeSubmitted , Lmt=0 Stp=24553 , Qty=1 Filled=0 , Error=NoError "
2025-11-19 08:55:43.789,ArmOrTightenStop,0,Realtime,MNQ 12-25,Sim101,[Runner] LongB SL_B -> 24553
2025-11-19 08:55:43.903,OnOrderUpdate,0,Realtime,MNQ 12-25,Sim101,"50,11/19/2025 8:55:43 AM , SL_B , FromEntry=LongB , State=Accepted , Lmt=0 Stp=24553 , Qty=1 Filled=0 , Error=NoError "
2025-11-19 08:55:43.946,ManageRunnerStopsCompact,0,Realtime,MNQ 12-25,Sim101,[RunnerDo] LongB tighten desired=24552.75 guard=24554.5 prev=24553
2025-11-19 08:55:45.138,ManageRunnerStopsCompact,0,Realtime,MNQ 12-25,Sim101,[RunnerDo] LongB tighten desired=24553 guard=24554.75 prev=24553
2025-11-19 08:55:45.923,ManageRunnerStopsCompact,0,Realtime,MNQ 12-25,Sim101,[RunnerDo] LongB tighten desired=24552.25 guard=24554 prev=24553
2025-11-19 08:55:46.854,ManageRunnerStopsCompact,0,Realtime,MNQ 12-25,Sim101,[RunnerDo] LongB tighten desired=24552 guard=24553.75 prev=24553
2025-11-19 08:55:47.956,ManageRunnerStopsCompact,0,Realtime,MNQ 12-25,Sim101,[RunnerDo] LongB tighten desired=24552 guard=24553.75 prev=24553
2025-11-19 08:55:48.084,ManageRunnerStopsCompact,0,Realtime,MNQ 12-25,Sim101,[RunnerDo] LongB tighten desired=24551.75 guard=24553.5 prev=24553
2025-11-19 08:55:48.822,ManageRunnerStopsCompact,0,Realtime,MNQ 12-25,Sim101,[RunnerDo] LongB tighten desired=24550.75 guard=24552.5 prev=24553
2025-11-19 08:55:50.047,ManageRunnerStopsCompact,0,Realtime,MNQ 12-25,Sim101,[RunnerDo] LongB tighten desired=24551.25 guard=24553 prev=24553
2025-11-19 08:55:50.826,ManageRunnerStopsCompact,0,Realtime,MNQ 12-25,Sim101,[RunnerDo] LongB tighten desired=24551.25 guard=24553 prev=24553
2025-11-19 08:55:54.073,ManageRunnerStopsCompact,0,Realtime,MNQ 12-25,Sim101,[RunnerDo] LongB tighten desired=24552 guard=24553.75 prev=24553
2025-11-19 08:55:55.136,ManageRunnerStopsCompact,0,Realtime,MNQ 12-25,Sim101,[RunnerDo] LongB tighten desired=24552 guard=24553.75 prev=24553
2025-11-19 08:55:56.499,ManageRunnerStopsCompact,0,Realtime,MNQ 12-25,Sim101,[RunnerDo] LongB tighten desired=24552.25 guard=24554 prev=24553
2025-11-19 08:55:58.665,ManageRunnerStopsCompact,0,Realtime,MNQ 12-25,Sim101,[RunnerDo] LongB tighten desired=24553 guard=24554.75 prev=24553
2025-11-19 08:55:59.035,ManageRunnerStopsCompact,0,Realtime,MNQ 12-25,Sim101,[RunnerDo] LongB tighten desired=24553 guard=24554.75 prev=24553
2025-11-19 08:55:59.157,ManageRunnerStopsCompact,0,Realtime,MNQ 12-25,Sim101,[RunnerDo] LongB tighten desired=24553 guard=24554.75 prev=24553
2025-11-19 08:55:59.529,ManageRunnerStopsCompact,0,Realtime,MNQ 12-25,Sim101,[RunnerDo] LongB tighten desired=24553 guard=24554.75 prev=24553
2025-11-19 08:55:59.611,ManageRunnerStopsCompact,0,Realtime,MNQ 12-25,Sim101,[RunnerDo] LongB tighten desired=24553 guard=24554.75 prev=24553
2025-11-19 08:55:59.690,ManageRunnerStopsCompact,0,Realtime,MNQ 12-25,Sim101,[RunnerDo] LongB tighten desired=24553 guard=24554.75 prev=24553
2025-11-19 08:56:00.354,ManageRunnerStopsCompact,0,Realtime,MNQ 12-25,Sim101,[RunnerDo] LongB tighten desired=24553 guard=24554.75 prev=24553
2025-11-19 08:56:00.699,ManageRunnerStopsCompact,0,Realtime,MNQ 12-25,Sim101,[RunnerDo] LongB tighten desired=24552.25 guard=24554 prev=24553
2025-11-19 08:56:00.778,ManageRunnerStopsCompact,0,Realtime,MNQ 12-25,Sim101,[RunnerDo] LongB tighten desired=24552.75 guard=24554.5 prev=24553
2025-11-19 08:56:01.105,ManageRunnerStopsCompact,0,Realtime,MNQ 12-25,Sim101,[RunnerDo] LongB tighten desired=24552.75 guard=24554.5 prev=24553
2025-11-19 08:56:01.317,ManageRunnerStopsCompact,0,Realtime,MNQ 12-25,Sim101,[RunnerDo] LongB tighten desired=24551.5 guard=24553.25 prev=24553
2025-11-19 08:56:01.405,ManageRunnerStopsCompact,0,Realtime,MNQ 12-25,Sim101,[RunnerDo] LongB tighten desired=24550.75 guard=24552.5 prev=24553
2025-11-19 08:56:01.407,OnOrderUpdate,0,Realtime,MNQ 12-25,Sim101,"50,11/19/2025 8:56:01 AM , SL_B , FromEntry=LongB , State=Working , Lmt=0 Stp=24553 , Qty=1 Filled=0 , Error=NoError "
2025-11-19 08:56:01.437,OnOrderUpdate,0,Realtime,MNQ 12-25,Sim101,[CooldownSkip] 2025-11-19T08:56:01.4086888 SL_B LongB -> loss=0.80t < 8t
2025-11-19 08:56:01.439,OnOrderUpdate,0,Realtime,MNQ 12-25,Sim101,"50,11/19/2025 8:56:01 AM , SL_B , FromEntry=LongB , State=Filled , Lmt=0 Stp=24553 , Qty=1 Filled=1 , Error=NoError "
2025-11-19 08:56:01.440,OnExecutionUpdate,0,Realtime,MNQ 12-25,Sim101,[LegQtyExec] o=SL_B From=LongB execQty=1 LA=0 LB=0 SA=0 SB=0 posQty=0
2025-11-19 08:56:31.517,SubmitLongAB,0,Realtime,MNQ 12-25,Sim101,16_11/19/2025 8:57:00 AM SubmitLongAB: QtyA=5 QtyB=5
2025-11-19 08:56:31.559,OnOrderUpdate,0,Realtime,MNQ 12-25,Sim101,"34,11/19/2025 8:56:31 AM ENTRY , LongA , Action=Buy , State=Submitted , Qty=5 Filled=0 , Avg=0 , Err=NoError "
2025-11-19 08:56:31.597,OnOrderUpdate,0,Realtime,MNQ 12-25,Sim101,"34,11/19/2025 8:56:31 AM ENTRY , LongB , Action=Buy , State=Submitted , Qty=5 Filled=0 , Avg=0 , Err=NoError "
2025-11-19 08:56:31.665,OnOrderUpdate,0,Realtime,MNQ 12-25,Sim101,"34,11/19/2025 8:56:31 AM ENTRY , LongA , Action=Buy , State=Accepted , Qty=5 Filled=0 , Avg=0 , Err=NoError "
2025-11-19 08:56:31.666,OnOrderUpdate,0,Realtime,MNQ 12-25,Sim101,"34,11/19/2025 8:56:31 AM ENTRY , LongA , Action=Buy , State=Working , Qty=5 Filled=0 , Avg=0 , Err=NoError "
2025-11-19 08:56:31.668,OnOrderUpdate,0,Realtime,MNQ 12-25,Sim101,"34,11/19/2025 8:56:31 AM ENTRY , LongA , Action=Buy , State=PartFilled , Qty=5 Filled=1 , Avg=24555.75 , Err=NoError "
2025-11-19 08:56:31.669,OnExecutionUpdate,0,Realtime,MNQ 12-25,Sim101,[LegQtyExec] o=LongA From= execQty=1 LA=1 LB=0 SA=0 SB=0 posQty=1
2025-11-19 08:56:31.706,OnOrderUpdate,0,Realtime,MNQ 12-25,Sim101,"50,11/19/2025 8:56:31 AM , SL_A , FromEntry=LongA , State=Submitted , Lmt=0 Stp=24550.5 , Qty=1 Filled=0 , Error=NoError "
2025-11-19 08:56:31.706,ArmOrTightenStop,0,Realtime,MNQ 12-25,Sim101,[EnsureA-Fixed] LongA SL_A -> 24550.5
2025-11-19 08:56:31.721,OnOrderUpdate,0,Realtime,MNQ 12-25,Sim101,"34,11/19/2025 8:56:31 AM ENTRY , LongB , Action=Buy , State=Accepted , Qty=5 Filled=0 , Avg=0 , Err=NoError "
2025-11-19 08:56:31.724,OnOrderUpdate,0,Realtime,MNQ 12-25,Sim101,"34,11/19/2025 8:56:31 AM ENTRY , LongB , Action=Buy , State=Working , Qty=5 Filled=0 , Avg=0 , Err=NoError "
2025-11-19 08:56:31.742,OnOrderUpdate,0,Realtime,MNQ 12-25,Sim101,"34,11/19/2025 8:56:31 AM ENTRY , LongA , Action=Buy , State=Filled , Qty=5 Filled=5 , Avg=24555.95 , Err=NoError "
2025-11-19 08:56:31.744,OnExecutionUpdate,0,Realtime,MNQ 12-25,Sim101,[LegQtyExec] o=LongA From= execQty=4 LA=5 LB=0 SA=0 SB=0 posQty=5
2025-11-19 08:56:31.751,OnOrderUpdate,0,Realtime,MNQ 12-25,Sim101,"50,11/19/2025 8:56:31 AM , SL_A , FromEntry=LongA , State=CancelPending , Lmt=0 Stp=24550.5 , Qty=1 Filled=0 , Error=NoError "
2025-11-19 08:56:31.786,OnOrderUpdate,0,Realtime,MNQ 12-25,Sim101,"50,11/19/2025 8:56:31 AM , PT_A , FromEntry=LongA , State=Submitted , Lmt=24566.5 Stp=24550 , Qty=5 Filled=0 , Error=NoError "
2025-11-19 08:56:31.787,OnExecutionUpdate,0,Realtime,MNQ 12-25,Sim101,"28,11/19/2025 8:56:31 AM LongA FULL fill @ 24555.95 , PT_A=24566.5 SL_A=24550.75 , dynTA=42 dynSLTicks=21"
2025-11-19 08:56:31.799,OnOrderUpdate,0,Realtime,MNQ 12-25,Sim101,"34,11/19/2025 8:56:31 AM ENTRY , LongB , Action=Buy , State=PartFilled , Qty=5 Filled=1 , Avg=24555.75 , Err=NoError "
2025-11-19 08:56:31.801,OnExecutionUpdate,0,Realtime,MNQ 12-25,Sim101,[LegQtyExec] o=LongB From= execQty=1 LA=5 LB=1 SA=0 SB=0 posQty=6
2025-11-19 08:56:31.818,ArmOrTightenStop,0,Realtime,MNQ 12-25,Sim101,[EnsureB-Fixed] LongB SL_B -> 24550.5
2025-11-19 08:56:31.818,OnOrderUpdate,0,Realtime,MNQ 12-25,Sim101,"50,11/19/2025 8:56:31 AM , SL_A , FromEntry=LongA , State=CancelPending , Lmt=0 Stp=24550.5 , Qty=1 Filled=0 , Error=NoError "
2025-11-19 08:56:31.819,OnOrderUpdate,0,Realtime,MNQ 12-25,Sim101,"50,11/19/2025 8:56:31 AM , SL_A , FromEntry=LongA , State=CancelSubmitted , Lmt=0 Stp=24550.5 , Qty=1 Filled=0 , Error=NoError "
2025-11-19 08:56:31.819,OnOrderUpdate,0,Realtime,MNQ 12-25,Sim101,"50,11/19/2025 8:56:31 AM , SL_A , FromEntry=LongA , State=Accepted , Lmt=0 Stp=24550.5 , Qty=1 Filled=0 , Error=NoError "
2025-11-19 08:56:31.839,OnOrderUpdate,0,Realtime,MNQ 12-25,Sim101,"50,11/19/2025 8:56:31 AM , SL_B , FromEntry=LongB , State=Submitted , Lmt=0 Stp=24550.5 , Qty=1 Filled=0 , Error=NoError "
2025-11-19 08:56:31.839,ArmOrTightenStop,0,Realtime,MNQ 12-25,Sim101,[EnsureB-Fixed] LongB SL_B -> 24550.5
2025-11-19 08:56:31.874,OnOrderUpdate,0,Realtime,MNQ 12-25,Sim101,"34,11/19/2025 8:56:31 AM ENTRY , LongB , Action=Buy , State=Filled , Qty=5 Filled=5 , Avg=24555.95 , Err=NoError "
2025-11-19 08:56:31.875,OnExecutionUpdate,0,Realtime,MNQ 12-25,Sim101,[LegQtyExec] o=LongB From= execQty=4 LA=5 LB=5 SA=0 SB=0 posQty=10
2025-11-19 08:56:31.875,OnOrderUpdate,0,Realtime,MNQ 12-25,Sim101,"50,11/19/2025 8:56:31 AM , SL_B , FromEntry=LongB , State=ChangePending , Lmt=0 Stp=24550.5 , Qty=1 Filled=0 , Error=NoError "
2025-11-19 08:56:31.878,OnExecutionUpdate,0,Realtime,MNQ 12-25,Sim101,"30,11/19/2025 8:56:31 AM LongB FULL fill @ 24555.95 , SL_B init=24550.75 , dynSLTicks=21 , armed=False"
2025-11-19 08:56:31.889,OnOrderUpdate,0,Realtime,MNQ 12-25,Sim101,"50,11/19/2025 8:56:31 AM , PT_A , FromEntry=LongA , State=Accepted , Lmt=24566.5 Stp=24550 , Qty=5 Filled=0 , Error=NoError "
2025-11-19 08:56:31.890,OnOrderUpdate,0,Realtime,MNQ 12-25,Sim101,"50,11/19/2025 8:56:31 AM , PT_A , FromEntry=LongA , State=Working , Lmt=24566.5 Stp=24550 , Qty=5 Filled=0 , Error=NoError "
2025-11-19 08:56:31.950,OnOrderUpdate,0,Realtime,MNQ 12-25,Sim101,"50,11/19/2025 8:56:31 AM , SL_B , FromEntry=LongB , State=ChangePending , Lmt=0 Stp=24550.5 , Qty=1 Filled=0 , Error=NoError "
2025-11-19 08:56:31.950,OnOrderUpdate,0,Realtime,MNQ 12-25,Sim101,"50,11/19/2025 8:56:31 AM , SL_B , FromEntry=LongB , State=ChangeSubmitted , Lmt=0 Stp=24550.75 , Qty=1 Filled=0 , Error=NoError "
2025-11-19 08:56:31.952,OnOrderUpdate,0,Realtime,MNQ 12-25,Sim101,"50,11/19/2025 8:56:31 AM , SL_B , FromEntry=LongB , State=Accepted , Lmt=0 Stp=24550.5 , Qty=1 Filled=0 , Error=NoError "
2025-11-19 08:56:31.993,OnOrderUpdate,0,Realtime,MNQ 12-25,Sim101,"50,11/19/2025 8:56:31 AM , SL_A , FromEntry=LongA , State=Submitted , Lmt=0 Stp=24550.5 , Qty=5 Filled=0 , Error=NoError "
2025-11-19 08:56:31.993,OnOrderUpdate,0,Realtime,MNQ 12-25,Sim101,"49,11/19/2025 8:56:31 AM SL_A cancelled but leg still open for LongA. Re-submitted stop at 24550.5."
2025-11-19 08:56:31.993,OnOrderUpdate,0,Realtime,MNQ 12-25,Sim101,"50,11/19/2025 8:56:31 AM , SL_A , FromEntry=LongA , State=Cancelled , Lmt=0 Stp=24550.5 , Qty=1 Filled=0 , Error=NoError "
2025-11-19 08:56:32.060,OnOrderUpdate,0,Realtime,MNQ 12-25,Sim101,"50,11/19/2025 8:56:32 AM , SL_B , FromEntry=LongB , State=Accepted , Lmt=0 Stp=24550.75 , Qty=1 Filled=0 , Error=NoError "
2025-11-19 08:56:32.109,OnOrderUpdate,0,Realtime,MNQ 12-25,Sim101,"50,11/19/2025 8:56:32 AM , SL_A , FromEntry=LongA , State=Accepted , Lmt=0 Stp=24550.5 , Qty=5 Filled=0 , Error=NoError "
2025-11-19 08:56:32.592,ManageRunnerStopsCompact,0,Realtime,MNQ 12-25,Sim101,[RunnerArm] LAopen=True LAmode=False SAopen=False SAmode=False armedLB=False armedSB=False RunnerTrailsWithA=True activeQtyA=5
2025-11-19 08:57:08.416,OnOrderUpdate,0,Realtime,MNQ 12-25,Sim101,"50,11/19/2025 8:57:08 AM , SL_B , FromEntry=LongB , State=Working , Lmt=0 Stp=24550.75 , Qty=1 Filled=0 , Error=NoError "
2025-11-19 08:57:08.580,OnOrderUpdate,0,Realtime,MNQ 12-25,Sim101,"[CDN_STAMP_EVT] ,2025-11-19T08:57:08.5448400 dir=LONG anchorUtc=2025-11-19T06:57:08.5805035Z desiredExp=2025-11-19T06:57:13.5805035Z setExp=2025-11-19T06:57:13.5805035Z"
2025-11-19 08:57:08.588,OnOrderUpdate,0,Realtime,MNQ 12-25,Sim101,"[CDN_CHECK_POST], state=Realtime barT=2025-11-19T08:57:30.0000000 dir=LONG rem=4.99s nowUtc=2025-11-19T06:57:08.5885039Z"
2025-11-19 08:57:08.597,OnOrderUpdate,0,Realtime,MNQ 12-25,Sim101,"50,11/19/2025 8:57:08 AM , SL_B , FromEntry=LongB , State=Filled , Lmt=0 Stp=24550.75 , Qty=1 Filled=1 , Error=NoError "
2025-11-19 08:57:08.612,OnExecutionUpdate,0,Realtime,MNQ 12-25,Sim101,[LegQtyExec] o=SL_B From=LongB execQty=1 LA=5 LB=4 SA=0 SB=0 posQty=9
2025-11-19 08:57:08.806,OnOrderUpdate,0,Realtime,MNQ 12-25,Sim101,"50,11/19/2025 8:57:08 AM , SL_A , FromEntry=LongA , State=Working , Lmt=0 Stp=24550.5 , Qty=5 Filled=0 , Error=NoError "
2025-11-19 08:57:08.814,OnOrderUpdate,0,Realtime,MNQ 12-25,Sim101,"44,11/19/2025 8:57:08 AM SL_A partial fill; runner KEPT (partialCfg=False, fullCfg=False)."
2025-11-19 08:57:08.820,OnOrderUpdate,0,Realtime,MNQ 12-25,Sim101,"46,11/19/2025 8:57:08 AM SL_A partial for LongA. Stop unchanged at 24550.5, not resubmitting."
2025-11-19 08:57:08.832,OnOrderUpdate,0,Realtime,MNQ 12-25,Sim101,"50,11/19/2025 8:57:08 AM , SL_A , FromEntry=LongA , State=PartFilled , Lmt=0 Stp=24550.5 , Qty=5 Filled=4 , Error=NoError "
2025-11-19 08:57:08.923,OnOrderUpdate,0,Realtime,MNQ 12-25,Sim101,"50,11/19/2025 8:57:08 AM , SL_B , FromEntry=LongB , State=Submitted , Lmt=0 Stp=24550.75 , Qty=4 Filled=0 , Error=NoError "
2025-11-19 08:57:08.932,OnOrderUpdate,0,Realtime,MNQ 12-25,Sim101,"35,11/19/2025 8:57:08 AM SL_B for LongB REJECTED. Attempting recovery. Native='Sell stop or sell stop limit orders can't be placed above the market.'"
2025-11-19 08:57:08.993,OnOrderUpdate,0,Realtime,MNQ 12-25,Sim101,"50,11/19/2025 8:57:08 AM , SL_B , FromEntry=LongB , State=Submitted , Lmt=0 Stp=24547.75 , Qty=4 Filled=0 , Error=NoError "
2025-11-19 08:57:08.999,OnOrderUpdate,0,Realtime,MNQ 12-25,Sim101,"37,11/19/2025 8:57:08 AM Recovery: resubmitted SL_B for LongB at 24547.75 (bid=24548.25)."
2025-11-19 08:57:09.000,OnOrderUpdate,0,Realtime,MNQ 12-25,Sim101,"50,11/19/2025 8:57:08 AM , SL_B , FromEntry=LongB , State=Rejected , Lmt=0 Stp=24550.75 , Qty=4 Filled=0 , Error=OrderRejected Sell stop or sell stop limit orders can't be placed above the market."
2025-11-19 08:57:09.001,ArmOrTightenStop,0,Realtime,MNQ 12-25,Sim101,[EnsureB-Fixed] LongB SL_B -> 24550.75
2025-11-19 08:57:09.001,OnOrderUpdate,0,Realtime,MNQ 12-25,Sim101,"50,11/19/2025 8:57:08 AM , PT_A , FromEntry=LongA , State=ChangePending , Lmt=24566.5 Stp=24543 , Qty=5 Filled=0 , Error=NoError "
2025-11-19 08:57:09.003,OnOrderUpdate,0,Realtime,MNQ 12-25,Sim101,"50,11/19/2025 8:57:09 AM , PT_A , FromEntry=LongA , State=ChangeSubmitted , Lmt=24566.5 Stp=24543 , Qty=1 Filled=0 , Error=NoError "
2025-11-19 08:57:09.004,OnExecutionUpdate,0,Realtime,MNQ 12-25,Sim101,[LegQtyExec] o=SL_A From=LongA execQty=4 LA=1 LB=4 SA=0 SB=0 posQty=5
2025-11-19 08:57:09.041,OnOrderUpdate,0,Realtime,MNQ 12-25,Sim101,"50,11/19/2025 8:57:09 AM , PT_A , FromEntry=LongA , State=CancelPending , Lmt=24566.5 Stp=24543 , Qty=1 Filled=0 , Error=NoError "
2025-11-19 08:57:09.041,OnOrderUpdate,0,Realtime,MNQ 12-25,Sim101,"[CDN_STAMP_EVT] ,2025-11-19T08:57:09.0052022 dir=LONG anchorUtc=2025-11-19T06:57:09.0417548Z desiredExp=2025-11-19T06:57:14.0417548Z setExp=2025-11-19T06:57:14.0417548Z"
2025-11-19 08:57:09.056,OnOrderUpdate,0,Realtime,MNQ 12-25,Sim101,"[CDN_CHECK_POST], state=Realtime barT=2025-11-19T08:57:30.0000000 dir=LONG rem=4.98s nowUtc=2025-11-19T06:57:09.0567849Z"
2025-11-19 08:57:09.061,OnOrderUpdate,0,Realtime,MNQ 12-25,Sim101,"44,11/19/2025 8:57:09 AM SL_A full fill; runner KEPT (partialCfg=False, fullCfg=False)."
2025-11-19 08:57:09.069,OnOrderUpdate,0,Realtime,MNQ 12-25,Sim101,"50,11/19/2025 8:57:09 AM , SL_A , FromEntry=LongA , State=Filled , Lmt=0 Stp=24550.5 , Qty=5 Filled=5 , Error=NoError "
2025-11-19 08:57:09.072,OnExecutionUpdate,0,Realtime,MNQ 12-25,Sim101,[LegQtyExec] o=SL_A From=LongA execQty=1 LA=0 LB=4 SA=0 SB=0 posQty=4
2025-11-19 08:57:09.092,ManageRunnerStopsCompact,0,Realtime,MNQ 12-25,Sim101,[RunnerArm] LAopen=False LAmode=False SAopen=False SAmode=False armedLB=True armedSB=True RunnerTrailsWithA=True activeQtyA=5
2025-11-19 08:57:09.120,ManageRunnerStopsCompact,0,Realtime,MNQ 12-25,Sim101,[RunnerDo] LongB tighten desired=24546.25 guard=24548 prev=24550.75
2025-11-19 08:57:09.131,OnOrderUpdate,0,Realtime,MNQ 12-25,Sim101,"50,11/19/2025 8:57:09 AM , SL_B , FromEntry=LongB , State=ChangePending , Lmt=0 Stp=24547.75 , Qty=4 Filled=0 , Error=NoError "
2025-11-19 08:57:09.142,ArmOrTightenStop,0,Realtime,MNQ 12-25,Sim101,[Runner] LongB SL_B -> 24550.75
2025-11-19 08:57:09.542,OnOrderUpdate,0,Realtime,MNQ 12-25,Sim101,"50,11/19/2025 8:57:09 AM , SL_B , FromEntry=LongB , State=ChangePending , Lmt=0 Stp=24547.75 , Qty=4 Filled=0 , Error=NoError "
2025-11-19 08:57:09.550,OnOrderUpdate,0,Realtime,MNQ 12-25,Sim101,"50,11/19/2025 8:57:09 AM , SL_B , FromEntry=LongB , State=ChangeSubmitted , Lmt=0 Stp=24550.75 , Qty=4 Filled=0 , Error=NoError "
2025-11-19 08:57:09.557,OnOrderUpdate,0,Realtime,MNQ 12-25,Sim101,"50,11/19/2025 8:57:09 AM , SL_B , FromEntry=LongB , State=Accepted , Lmt=0 Stp=24547.75 , Qty=4 Filled=0 , Error=UnableToChangeOrder Stop price can't be changed above the market."
2025-11-19 08:57:09.558,OnOrderUpdate,0,Realtime,MNQ 12-25,Sim101,"50,11/19/2025 8:57:09 AM , SL_B , FromEntry=LongB , State=Accepted , Lmt=0 Stp=24547.75 , Qty=4 Filled=0 , Error=NoError "
2025-11-19 08:57:09.558,OnOrderUpdate,0,Realtime,MNQ 12-25,Sim101,"50,11/19/2025 8:57:09 AM , PT_A , FromEntry=LongA , State=CancelPending , Lmt=24566.5 Stp=24543.75 , Qty=1 Filled=0 , Error=NoError "
2025-11-19 08:57:09.559,OnOrderUpdate,0,Realtime,MNQ 12-25,Sim101,"50,11/19/2025 8:57:09 AM , PT_A , FromEntry=LongA , State=CancelSubmitted , Lmt=24566.5 Stp=24543.75 , Qty=1 Filled=0 , Error=NoError "
2025-11-19 08:57:09.568,OnOrderUpdate,0,Realtime,MNQ 12-25,Sim101,"50,11/19/2025 8:57:09 AM , PT_A , FromEntry=LongA , State=Accepted , Lmt=24566.5 Stp=24543.75 , Qty=1 Filled=0 , Error=NoError "
2025-11-19 08:57:09.630,ManageRunnerStopsCompact,0,Realtime,MNQ 12-25,Sim101,[RunnerDo] LongB tighten desired=24547 guard=24548.75 prev=24547.75
2025-11-19 08:57:09.833,ManageRunnerStopsCompact,0,Realtime,MNQ 12-25,Sim101,[RunnerDo] LongB tighten desired=24546.75 guard=24548.5 prev=24547.75
2025-11-19 08:57:09.857,OnOrderUpdate,0,Realtime,MNQ 12-25,Sim101,"50,11/19/2025 8:57:09 AM , SL_B , FromEntry=LongB , State=Working , Lmt=0 Stp=24547.75 , Qty=4 Filled=0 , Error=NoError "
2025-11-19 08:57:09.862,OnOrderUpdate,0,Realtime,MNQ 12-25,Sim101,"46,11/19/2025 8:57:09 AM SL_B partial for LongB. Stop unchanged at 24547.75, not resubmitting."
2025-11-19 08:57:09.866,OnOrderUpdate,0,Realtime,MNQ 12-25,Sim101,"50,11/19/2025 8:57:09 AM , SL_B , FromEntry=LongB , State=PartFilled , Lmt=0 Stp=24547.75 , Qty=4 Filled=3 , Error=NoError "
2025-11-19 08:57:09.867,OnExecutionUpdate,0,Realtime,MNQ 12-25,Sim101,[LegQtyExec] o=SL_B From=LongB execQty=3 LA=0 LB=1 SA=0 SB=0 posQty=1
2025-11-19 08:57:09.937,OnOrderUpdate,0,Realtime,MNQ 12-25,Sim101,"[CDN_STAMP_EVT] ,2025-11-19T08:57:09.8707288 dir=LONG anchorUtc=2025-11-19T06:57:09.9361862Z desiredExp=2025-11-19T06:57:14.9361862Z setExp=2025-11-19T06:57:14.9361862Z"
2025-11-19 08:57:09.937,OnOrderUpdate,0,Realtime,MNQ 12-25,Sim101,"[CDN_CHECK_POST], state=Realtime barT=2025-11-19T08:57:30.0000000 dir=LONG rem=5.00s nowUtc=2025-11-19T06:57:09.9371840Z"
2025-11-19 08:57:09.994,OnOrderUpdate,0,Realtime,MNQ 12-25,Sim101,"50,11/19/2025 8:57:09 AM , SL_B , FromEntry=LongB , State=Submitted , Lmt=0 Stp=24550.75 , Qty=1 Filled=0 , Error=NoError "
2025-11-19 08:57:09.999,OnOrderUpdate,0,Realtime,MNQ 12-25,Sim101,"35,11/19/2025 8:57:09 AM SL_B for LongB REJECTED. Attempting recovery. Native='Sell stop or sell stop limit orders can't be placed above the market.'"
2025-11-19 08:57:10.125,OnOrderUpdate,0,Realtime,MNQ 12-25,Sim101,"50,11/19/2025 8:57:10 AM , SL_B , FromEntry=LongB , State=Submitted , Lmt=0 Stp=24548.25 , Qty=1 Filled=0 , Error=NoError "
2025-11-19 08:57:10.126,OnOrderUpdate,0,Realtime,MNQ 12-25,Sim101,"37,11/19/2025 8:57:09 AM Recovery: resubmitted SL_B for LongB at 24548.25 (bid=24548.75)."
2025-11-19 08:57:10.126,OnOrderUpdate,0,Realtime,MNQ 12-25,Sim101,"50,11/19/2025 8:57:09 AM , SL_B , FromEntry=LongB , State=Rejected , Lmt=0 Stp=24550.75 , Qty=1 Filled=0 , Error=OrderRejected Sell stop or sell stop limit orders can't be placed above the market."
2025-11-19 08:57:10.127,ArmOrTightenStop,0,Realtime,MNQ 12-25,Sim101,[EnsureB-Fixed] LongB SL_B -> 24550.75
2025-11-19 08:57:10.127,OnOrderUpdate,0,Realtime,MNQ 12-25,Sim101,"50,11/19/2025 8:57:09 AM , SL_B , FromEntry=LongB , State=Filled , Lmt=0 Stp=24547.75 , Qty=4 Filled=4 , Error=NoError "
2025-11-19 08:57:10.128,OnOrderUpdate,0,Realtime,MNQ 12-25,Sim101,"50,11/19/2025 8:57:10 AM , SL_B , FromEntry=LongB , State=CancelPending , Lmt=0 Stp=24548.25 , Qty=1 Filled=0 , Error=NoError "
2025-11-19 08:57:10.129,OnExecutionUpdate,0,Realtime,MNQ 12-25,Sim101,[LegQtyExec] o=SL_B From=LongB execQty=1 LA=0 LB=0 SA=0 SB=0 posQty=0
2025-11-19 08:57:14.671,OnOrderUpdate,0,Realtime,MNQ 12-25,Sim101,"50,11/19/2025 8:57:14 AM , PT_A , FromEntry=LongA , State=Cancelled , Lmt=24566.5 Stp=24548.25 , Qty=1 Filled=0 , Error=NoError "
2025-11-19 08:57:14.673,OnOrderUpdate,0,Realtime,MNQ 12-25,Sim101,"50,11/19/2025 8:57:14 AM , SL_B , FromEntry=LongB , State=CancelPending , Lmt=0 Stp=24548.25 , Qty=1 Filled=0 , Error=NoError "
2025-11-19 08:57:14.673,OnOrderUpdate,0,Realtime,MNQ 12-25,Sim101,"50,11/19/2025 8:57:14 AM , SL_B , FromEntry=LongB , State=CancelSubmitted , Lmt=0 Stp=24548.25 , Qty=1 Filled=0 , Error=NoError "
2025-11-19 08:57:14.674,OnOrderUpdate,0,Realtime,MNQ 12-25,Sim101,"50,11/19/2025 8:57:14 AM , SL_B , FromEntry=LongB , State=Accepted , Lmt=0 Stp=24548.25 , Qty=1 Filled=0 , Error=NoError "
2025-11-19 08:57:15.251,OnOrderUpdate,0,Realtime,MNQ 12-25,Sim101,"50,11/19/2025 8:57:15 AM , SL_B , FromEntry=LongB , State=Cancelled , Lmt=0 Stp=24548.25 , Qty=1 Filled=0 , Error=NoError "
2025-11-19 08:57:30.892,SubmitShortAB,0,Realtime,MNQ 12-25,Sim101,19_11/19/2025 8:58:00 AM SubmitShortAB: QtyA=5 QtyB=5
2025-11-19 08:57:31.219,OnOrderUpdate,0,Realtime,MNQ 12-25,Sim101,"34,11/19/2025 8:57:30 AM ENTRY , ShortA , Action=SellShort , State=Submitted , Qty=5 Filled=0 , Avg=0 , Err=NoError "
2025-11-19 08:57:31.383,OnOrderUpdate,0,Realtime,MNQ 12-25,Sim101,"34,11/19/2025 8:57:31 AM ENTRY , ShortB , Action=SellShort , State=Submitted , Qty=5 Filled=0 , Avg=0 , Err=NoError "
2025-11-19 08:57:32.730,OnOrderUpdate,0,Realtime,MNQ 12-25,Sim101,"34,11/19/2025 8:57:32 AM ENTRY , ShortA , Action=SellShort , State=Accepted , Qty=5 Filled=0 , Avg=0 , Err=NoError "
2025-11-19 08:57:32.731,OnOrderUpdate,0,Realtime,MNQ 12-25,Sim101,"34,11/19/2025 8:57:32 AM ENTRY , ShortA , Action=SellShort , State=Working , Qty=5 Filled=0 , Avg=0 , Err=NoError "
2025-11-19 08:57:32.732,OnOrderUpdate,0,Realtime,MNQ 12-25,Sim101,"34,11/19/2025 8:57:32 AM ENTRY , ShortB , Action=SellShort , State=Accepted , Qty=5 Filled=0 , Avg=0 , Err=NoError "
2025-11-19 08:57:32.733,OnOrderUpdate,0,Realtime,MNQ 12-25,Sim101,"34,11/19/2025 8:57:32 AM ENTRY , ShortB , Action=SellShort , State=Working , Qty=5 Filled=0 , Avg=0 , Err=NoError "
2025-11-19 08:57:32.732,OnOrderUpdate,0,Realtime,MNQ 12-25,Sim101,"34,11/19/2025 8:57:32 AM ENTRY , ShortA , Action=SellShort , State=PartFilled , Qty=5 Filled=1 , Avg=24554.75 , Err=NoError "
2025-11-19 08:57:32.736,OnExecutionUpdate,0,Realtime,MNQ 12-25,Sim101,[LegQtyExec] o=ShortA From= execQty=1 LA=0 LB=0 SA=1 SB=0 posQty=1
2025-11-19 08:57:32.787,OnOrderUpdate,0,Realtime,MNQ 12-25,Sim101,"50,11/19/2025 8:57:32 AM , SL_A , FromEntry=ShortA , State=Submitted , Lmt=0 Stp=24560 , Qty=1 Filled=0 , Error=NoError "
2025-11-19 08:57:32.789,ArmOrTightenStop,0,Realtime,MNQ 12-25,Sim101,[EnsureA-Fixed] ShortA SL_A -> 24560
2025-11-19 08:57:32.851,OnOrderUpdate,0,Realtime,MNQ 12-25,Sim101,"34,11/19/2025 8:57:32 AM ENTRY , ShortA , Action=SellShort , State=Filled , Qty=5 Filled=5 , Avg=24554.55 , Err=NoError "
2025-11-19 08:57:32.852,OnExecutionUpdate,0,Realtime,MNQ 12-25,Sim101,[LegQtyExec] o=ShortA From= execQty=4 LA=0 LB=0 SA=5 SB=0 posQty=5
2025-11-19 08:57:32.853,OnOrderUpdate,0,Realtime,MNQ 12-25,Sim101,"50,11/19/2025 8:57:32 AM , SL_A , FromEntry=ShortA , State=CancelPending , Lmt=0 Stp=24560 , Qty=1 Filled=0 , Error=NoError "
2025-11-19 08:57:32.904,OnOrderUpdate,0,Realtime,MNQ 12-25,Sim101,"50,11/19/2025 8:57:32 AM , SL_A , FromEntry=ShortA , State=CancelPending , Lmt=0 Stp=24560 , Qty=1 Filled=0 , Error=NoError "
2025-11-19 08:57:32.906,OnOrderUpdate,0,Realtime,MNQ 12-25,Sim101,"50,11/19/2025 8:57:32 AM , SL_A , FromEntry=ShortA , State=CancelSubmitted , Lmt=0 Stp=24560 , Qty=1 Filled=0 , Error=NoError "
2025-11-19 08:57:32.906,OnOrderUpdate,0,Realtime,MNQ 12-25,Sim101,"50,11/19/2025 8:57:32 AM , SL_A , FromEntry=ShortA , State=Accepted , Lmt=0 Stp=24560 , Qty=1 Filled=0 , Error=NoError "
2025-11-19 08:57:32.914,OnOrderUpdate,0,Realtime,MNQ 12-25,Sim101,"50,11/19/2025 8:57:32 AM , PT_A , FromEntry=ShortA , State=Submitted , Lmt=24544 Stp=24560.5 , Qty=5 Filled=0 , Error=NoError "
2025-11-19 08:57:32.915,OnExecutionUpdate,0,Realtime,MNQ 12-25,Sim101,"29,11/19/2025 8:57:32 AM ShortA FULL fill @ 24554.55 , PT_A=24544 SL_A=24559.75 , dynTA=42 dynSLTicks=21"
2025-11-19 08:57:32.923,OnOrderUpdate,0,Realtime,MNQ 12-25,Sim101,"34,11/19/2025 8:57:32 AM ENTRY , ShortB , Action=SellShort , State=PartFilled , Qty=5 Filled=3 , Avg=24554.75 , Err=NoError "
2025-11-19 08:57:32.946,OnExecutionUpdate,0,Realtime,MNQ 12-25,Sim101,[LegQtyExec] o=ShortB From= execQty=3 LA=0 LB=0 SA=5 SB=3 posQty=8
2025-11-19 08:57:33.027,OnOrderUpdate,0,Realtime,MNQ 12-25,Sim101,"50,11/19/2025 8:57:32 AM , SL_B , FromEntry=ShortB , State=Submitted , Lmt=0 Stp=24560 , Qty=3 Filled=0 , Error=NoError "
2025-11-19 08:57:33.042,ArmOrTightenStop,0,Realtime,MNQ 12-25,Sim101,[EnsureB-Fixed] ShortB SL_B -> 24560
2025-11-19 08:57:33.106,OnOrderUpdate,0,Realtime,MNQ 12-25,Sim101,"34,11/19/2025 8:57:33 AM ENTRY , ShortB , Action=SellShort , State=Filled , Qty=5 Filled=5 , Avg=24554.65 , Err=NoError "
2025-11-19 08:57:33.107,OnExecutionUpdate,0,Realtime,MNQ 12-25,Sim101,[LegQtyExec] o=ShortB From= execQty=2 LA=0 LB=0 SA=5 SB=5 posQty=10
2025-11-19 08:57:33.108,OnExecutionUpdate,0,Realtime,MNQ 12-25,Sim101,"31,11/19/2025 8:57:33 AM ShortB FULL fill @ 24554.65 , SL_B init=24560 , dynSLTicks=21 , armed=False"
2025-11-19 08:57:33.132,OnOrderUpdate,0,Realtime,MNQ 12-25,Sim101,"50,11/19/2025 8:57:33 AM , SL_A , FromEntry=ShortA , State=Submitted , Lmt=0 Stp=24560 , Qty=5 Filled=0 , Error=NoError "
2025-11-19 08:57:33.133,OnOrderUpdate,0,Realtime,MNQ 12-25,Sim101,"49,11/19/2025 8:57:33 AM SL_A cancelled but leg still open for ShortA. Re-submitted stop at 24560."
2025-11-19 08:57:33.133,OnOrderUpdate,0,Realtime,MNQ 12-25,Sim101,"50,11/19/2025 8:57:33 AM , SL_A , FromEntry=ShortA , State=Cancelled , Lmt=0 Stp=24560 , Qty=1 Filled=0 , Error=NoError "
2025-11-19 08:57:33.134,OnOrderUpdate,0,Realtime,MNQ 12-25,Sim101,"50,11/19/2025 8:57:33 AM , PT_A , FromEntry=ShortA , State=Accepted , Lmt=24544 Stp=24560.5 , Qty=5 Filled=0 , Error=NoError "
2025-11-19 08:57:33.135,OnOrderUpdate,0,Realtime,MNQ 12-25,Sim101,"50,11/19/2025 8:57:33 AM , PT_A , FromEntry=ShortA , State=Working , Lmt=24544 Stp=24560.5 , Qty=5 Filled=0 , Error=NoError "
2025-11-19 08:57:33.159,ManageRunnerStopsCompact,0,Realtime,MNQ 12-25,Sim101,[RunnerArm] LAopen=False LAmode=False SAopen=True SAmode=False armedLB=False armedSB=False RunnerTrailsWithA=True activeQtyA=5
2025-11-19 08:57:33.170,OnOrderUpdate,0,Realtime,MNQ 12-25,Sim101,"50,11/19/2025 8:57:33 AM , SL_B , FromEntry=ShortB , State=Accepted , Lmt=0 Stp=24560 , Qty=3 Filled=0 , Error=NoError "
2025-11-19 08:57:33.248,OnOrderUpdate,0,Realtime,MNQ 12-25,Sim101,"50,11/19/2025 8:57:33 AM , SL_A , FromEntry=ShortA , State=Accepted , Lmt=0 Stp=24560 , Qty=5 Filled=0 , Error=NoError "
